imagename,values,gt_label,probs,predicted_label,pred_1_0
/home/ntlpt19/Downloads/Eval_classification/LC/PO/Purchase_Order_By_Opener_226_0,"[[1.0, 2.0575373274705266e-19, 6.924777411541526e-27], [0.10672714561223984, 0.8932729363441467, 6.406201680242418e-10]]",PO,[5.53363573e-01 4.46636468e-01 3.20310084e-10],PO,1
/home/ntlpt19/Downloads/Eval_classification/LC/PO/Purchase_Order_By_Opener_352_1,"[[0.9999886751174927, 1.1379561328794807e-05, 3.91707077735301e-17]]",PO,[9.99988675e-01 1.13795613e-05 3.91707078e-17],PO,1
/home/ntlpt19/Downloads/Eval_classification/LC/OTHERS/Insurance_Certificate_163_page_3,"[[8.366805105729583e-16, 0.0005402934621088207, 0.9994596838951111]]",OTHERS,[8.36680511e-16 5.40293462e-04 9.99459684e-01],OTHERS,1
/home/ntlpt19/Downloads/Eval_classification/LC/OTHERS/Insurance_Certificate_150_page_1,"[[0.08271303027868271, 1.2847962693740556e-07, 0.9172868132591248]]",OTHERS,[8.27130303e-02 1.28479627e-07 9.17286813e-01],OTHERS,1
/home/ntlpt19/Downloads/Eval_classification/LC/PO/Purchase_Order_By_Opener_240_6,"[[1.0, 5.822763221521667e-17, 4.529412027230733e-25], [1.0, 2.6030791541892544e-16, 1.0832237082937337e-21]]",PO,[1.00000000e+00 1.59267774e-16 5.41838325e-22],PO,1
/home/ntlpt19/Downloads/Eval_classification/LC/PO/Purchase_Order_By_Opener_325_3,"[[1.0, 2.5856425766675852e-30, 1.8816561510135034e-38]]",PO,[1.00000000e+00 2.58564258e-30 1.88165615e-38],PO,1
/home/ntlpt19/Downloads/Eval_classification/LC/PO/Purchase_Order_By_Opener_254_0,"[[1.0, 2.4165116282424203e-21, 2.7666850781820804e-24]]",PO,[1.00000000e+00 2.41651163e-21 2.76668508e-24],PO,1
/home/ntlpt19/Downloads/Eval_classification/LC/PO/Purchase_Order_By_Opener_269_14,"[[1.0, 3.352578728503614e-27, 3.2897225775376816e-23]]",PO,[1.00000000e+00 3.35257873e-27 3.28972258e-23],PO,1
/home/ntlpt19/Downloads/Eval_classification/LC/PO/Purchase_Order_By_Opener_254_1,"[[1.0, 1.7397456513671345e-20, 1.9218631507166678e-27]]",PO,[1.00000000e+00 1.73974565e-20 1.92186315e-27],PO,1
/home/ntlpt19/Downloads/Eval_classification/LC/PO/Purchase_Order_By_Opener_218_3,"[[0.9599098563194275, 0.04009014740586281, 9.068153415314268e-17]]",PO,[9.59909856e-01 4.00901474e-02 9.06815342e-17],PO,1
/home/ntlpt19/Downloads/Eval_classification/LC/OTHERS/Insurance_Certificate_78_page_3,"[[1.0, 2.3483100772096754e-13, 2.2316373193831396e-09]]",OTHERS,[1.00000000e+00 2.34831008e-13 2.23163732e-09],PO,0
/home/ntlpt19/Downloads/Eval_classification/LC/OTHERS/Insurance_Certificate_47_page_1,"[[0.02567283995449543, 1.6614055908803493e-08, 0.9743271470069885]]",OTHERS,[2.56728400e-02 1.66140559e-08 9.74327147e-01],OTHERS,1
/home/ntlpt19/Downloads/Eval_classification/LC/PO/Purchase_Order_By_Opener_291_0,"[[1.0, 3.2137639581876834e-14, 5.3346266071230275e-08], [1.0, 1.3684180118218974e-31, 8.316391194779442e-31], [0.9999624490737915, 3.7517402233788744e-05, 4.0723226521618625e-15]]",PO,[9.99987483e-01 1.25058008e-05 1.77820900e-08],PO,1
/home/ntlpt19/Downloads/Eval_classification/LC/PO/Purchase_Order_By_Opener_353_0,"[[1.0, 1.044447653364422e-10, 2.3480544082554806e-17], [3.595341246942496e-10, 1.0, 4.734172749904053e-20]]",PO,[5.00000000e-01 5.00000000e-01 1.17639429e-17],PO,1
/home/ntlpt19/Downloads/Eval_classification/LC/OTHERS/Insurance_Certificate_71_page_0,"[[2.8539751941933367e-13, 1.8498454911612166e-20, 1.0], [1.970027873471336e-14, 1.2332487368623313e-15, 1.0], [4.327375402457534e-10, 0.8560083508491516, 0.14399169385433197]]",OTHERS,[1.44347546e-10 2.85336117e-01 7.14663898e-01],OTHERS,1
/home/ntlpt19/Downloads/Eval_classification/LC/PO/Purchase_Order_By_Opener_325_2,"[[1.0, 3.470578915452264e-27, 2.057075441004663e-33]]",PO,[1.00000000e+00 3.47057892e-27 2.05707544e-33],PO,1
/home/ntlpt19/Downloads/Eval_classification/LC/PO/Purchase_Order_By_Opener_269_8,"[[1.0, 2.55165284718305e-29, 9.516734555782632e-30]]",PO,[1.00000000e+00 2.55165285e-29 9.51673456e-30],PO,1
/home/ntlpt19/Downloads/Eval_classification/LC/PO/Purchase_Order_By_Opener_243_0,"[[1.0, 3.7329053693621606e-14, 5.9960690860963745e-21], [0.9999645948410034, 3.543516868376173e-05, 1.816712940920292e-24]]",PO,[9.99982297e-01 1.77175844e-05 2.99894290e-21],PO,1
/home/ntlpt19/Downloads/Eval_classification/LC/OTHERS/Insurance_Certificate_163_page_7,"[[4.1303079614030414e-19, 3.2248099401522814e-18, 1.0]]",OTHERS,[4.13030796e-19 3.22480994e-18 1.00000000e+00],OTHERS,1
/home/ntlpt19/Downloads/Eval_classification/LC/PI/Proforma_Invoice(2013_01_10_13_53_48_7045)_503_0,"[[8.739462625806382e-11, 1.0, 1.060417499710079e-22], [0.10574737191200256, 0.30854642391204834, 0.5857061743736267]]",PI,[0.05287369 0.65427321 0.29285309],PI,1
/home/ntlpt19/Downloads/Eval_classification/LC/PI/Proforma_Invoice(2013_01_10_13_52_54_0394)_500_0,"[[2.8895776722492883e-06, 0.9999971389770508, 7.823816737998921e-21], [1.8156905312594063e-08, 1.0, 6.532715257634436e-09]]",PI,[1.45386729e-06 9.99998569e-01 3.26635763e-09],PI,1
/home/ntlpt19/Downloads/Eval_classification/LC/OTHERS/Insurance_Certificate_276_page_5,"[[0.992490828037262, 1.2441120134099037e-08, 0.007509217131882906]]",OTHERS,[9.92490828e-01 1.24411201e-08 7.50921713e-03],PO,0
/home/ntlpt19/Downloads/Eval_classification/LC/PI/Proforma_Invoice(2012_08_21_17_37_37_7580)_82_0,"[[8.000380869591414e-18, 1.0, 4.890303090523437e-21], [1.7044895226150936e-12, 1.0, 2.575818162679939e-22]]",PI,[8.52248761e-13 1.00000000e+00 2.57394245e-21],PI,1
/home/ntlpt19/Downloads/Eval_classification/LC/PO/Purchase_Order_By_Opener_240_4,"[[0.7242758870124817, 0.2757240831851959, 1.2013136281289378e-19], [1.0, 1.1816323490016671e-15, 3.5341669062385165e-23]]",PO,[8.62137944e-01 1.37862042e-01 6.00833522e-20],PO,1
/home/ntlpt19/Downloads/Eval_classification/LC/OTHERS/Insurance_Certificate_284_page_3,"[[1.0, 2.1001340944071245e-10, 1.5539814443923938e-12]]",OTHERS,[1.00000000e+00 2.10013409e-10 1.55398144e-12],PO,0
/home/ntlpt19/Downloads/Eval_classification/LC/OTHERS/Insurance_Certificate_171_page_2,"[[7.198951578579293e-20, 2.206871987830343e-23, 1.0], [0.8557353019714355, 4.508165826863815e-14, 0.14426465332508087], [3.598761821876906e-08, 1.4572980951317593e-13, 1.0], [8.258447398157287e-11, 0.0008122331346385181, 0.9991877675056458], [2.8573504510815556e-14, 1.0, 1.1222312662484413e-10]]",OTHERS,[0.17114707 0.20016245 0.62869048],OTHERS,1
/home/ntlpt19/Downloads/Eval_classification/LC/PO/Purchase_Order_By_Opener_259_0,"[[1.0, 1.2120807364192014e-27, 3.2146378480967667e-27], [1.0, 1.0122654938663628e-13, 5.308185015062065e-16]]",PO,[1.00000000e+00 5.06132747e-14 2.65409251e-16],PO,1
/home/ntlpt19/Downloads/Eval_classification/LC/OTHERS/Insurance_Certificate_273_page_1,"[[8.644191091698334e-29, 1.723597111119525e-43, 1.0], [8.651816570571892e-28, 2.4600578104396767e-22, 1.0], [9.932091194091307e-33, 1.4757348782303656e-38, 1.0], [3.2522504618052804e-24, 1.0940411496277505e-22, 1.0], [3.237098121742063e-18, 1.6893263803247094e-23, 1.0], [6.716397622010807e-31, 6.376996700960926e-34, 1.0], [3.180689192077561e-28, 2.4012477995659597e-29, 1.0], [1.2328291602738421e-24, 7.736298500339407e-26, 1.0], [5.783240361247882e-20, 7.722955002868511e-30, 1.0], [4.9587832460094796e-33, 3.363116314379561e-42, 1.0], [2.701682248183019e-28, 1.3598955226131815e-29, 1.0], [4.440133685654784e-30, 4.060823287740487e-31, 1.0], [1.962420874925723e-23, 2.6752819006214643e-37, 1.0]]",OTHERS,[2.53458049e-19 2.86446591e-23 1.00000000e+00],OTHERS,1
/home/ntlpt19/Downloads/Eval_classification/LC/PI/Proforma_Invoice(2013_01_10_13_52_31_4878)_498_0,"[[2.621338923702865e-09, 1.0, 2.4003521218324427e-20], [0.0003936799184884876, 0.9996063113212585, 4.012913734641188e-08]]",PI,[1.96841270e-04 9.99803156e-01 2.00645687e-08],PI,1
/home/ntlpt19/Downloads/Eval_classification/LC/OTHERS/Insurance_Certificate_149_page_8,"[[4.1332713359475126e-19, 3.2094565572859806e-26, 1.0], [8.254189283794881e-24, 9.370556433974286e-21, 1.0], [4.510365429415849e-30, 3.294517462494522e-32, 1.0]]",OTHERS,[1.37778463e-19 3.12352951e-21 1.00000000e+00],OTHERS,1
/home/ntlpt19/Downloads/Eval_classification/LC/PO/Purchase_Order_By_Opener_329_2,"[[1.0, 3.205726790578748e-32, 7.489596898778299e-31]]",PO,[1.00000000e+00 3.20572679e-32 7.48959690e-31],PO,1
/home/ntlpt19/Downloads/Eval_classification/LC/OTHERS/Insurance_Certificate_284_page_4,"[[4.4597774717658467e-07, 0.9999995231628418, 3.9694857179028986e-08]]",OTHERS,[4.45977747e-07 9.99999523e-01 3.96948572e-08],PI,0
/home/ntlpt19/Downloads/Eval_classification/LC/PO/Purchase_Order_By_Opener_269_13,"[[1.0, 2.0476740590290894e-24, 3.1849111013495565e-30]]",PO,[1.00000000e+00 2.04767406e-24 3.18491110e-30],PO,1
/home/ntlpt19/Downloads/Eval_classification/LC/PO/Purchase_Order_By_Opener_290_0,"[[0.9999935626983643, 2.057606479866081e-06, 4.3545360313146375e-06], [1.0, 5.082843325919517e-13, 2.235621410218158e-12]]",PO,[9.99996781e-01 1.02880349e-06 2.17726913e-06],PO,1
/home/ntlpt19/Downloads/Eval_classification/LC/PO/Purchase_Order_By_Opener_282_0,"[[0.16743884980678558, 0.8325611352920532, 8.4563937953272e-17]]",PO,[1.67438850e-01 8.32561135e-01 8.45639380e-17],PI,0
/home/ntlpt19/Downloads/Eval_classification/LC/PI/Proforma_Invoice_33_0,"[[8.433759074759187e-33, 1.0, 4.435714159745556e-38]]",PI,[8.43375907e-33 1.00000000e+00 4.43571416e-38],PI,1
/home/ntlpt19/Downloads/Eval_classification/LC/PO/Purchase_Order_By_Opener_224_0,"[[1.0, 1.099810673597686e-16, 1.3626345787908803e-18], [5.285676252242411e-07, 0.9999994039535522, 6.20640392412497e-08]]",PO,[5.00000264e-01 4.99999702e-01 3.10320196e-08],PO,1
/home/ntlpt19/Downloads/Eval_classification/LC/OTHERS/Insurance_Certificate_276_page_1,"[[1.3013583646021954e-21, 0.6561282873153687, 0.34387171268463135]]",OTHERS,[1.30135836e-21 6.56128287e-01 3.43871713e-01],PI,0
/home/ntlpt19/Downloads/Eval_classification/LC/PO/Purchase_Order_By_Opener_193_0,"[[1.0, 9.859471976369528e-16, 2.1693669764088675e-18]]",PO,[1.00000000e+00 9.85947198e-16 2.16936698e-18],PO,1
/home/ntlpt19/Downloads/Eval_classification/LC/PO/Purchase_Order_By_Opener_201_1,"[[0.49494990706443787, 0.5050500631332397, 1.9307685062298213e-13], [1.0, 6.673709332131317e-27, 1.4204193193245906e-30]]",PO,[7.47474954e-01 2.52525032e-01 9.65384253e-14],PO,1
/home/ntlpt19/Downloads/Eval_classification/LC/PO/Purchase_Order_By_Opener_354_0,"[[8.76426603526219e-19, 1.0, 1.0866826549715825e-08], [7.248227018585851e-10, 0.9997057318687439, 0.0002942734572570771]]",PO,[3.62411351e-10 9.99852866e-01 1.47142162e-04],PI,0
/home/ntlpt19/Downloads/Eval_classification/LC/OTHERS/Insurance_Certificate_232_page_1,"[[9.438403337714571e-27, 4.014361672279603e-28, 1.0], [2.7660854734171135e-30, 6.723686346135179e-36, 1.0], [2.320170683838645e-22, 4.509490247580142e-14, 1.0], [1.1703583934132716e-16, 1.6542269609799867e-23, 1.0]]",OTHERS,[2.92590178e-17 1.12737256e-14 1.00000000e+00],OTHERS,1
/home/ntlpt19/Downloads/Eval_classification/LC/OTHERS/Insurance_Certificate_57_page_2,"[[5.082481406475908e-18, 1.220722068227156e-25, 1.0], [1.1666309852917993e-25, 8.530009975681155e-27, 1.0], [1.6232075227126316e-14, 1.4571603330976479e-19, 1.0]]",OTHERS,[5.41238590e-15 4.85720546e-20 1.00000000e+00],OTHERS,1
/home/ntlpt19/Downloads/Eval_classification/LC/PO/Purchase_Order_By_Opener_255_0,"[[1.0, 8.286829555892439e-12, 8.921992705216831e-21]]",PO,[1.00000000e+00 8.28682956e-12 8.92199271e-21],PO,1
/home/ntlpt19/Downloads/Eval_classification/LC/PO/Purchase_Order_By_Opener_350_0,"[[0.999970555305481, 2.9422300940495916e-05, 3.307568845548059e-12], [3.2289460500101996e-18, 1.0, 5.39276548188374e-23]]",PO,[4.99985278e-01 5.00014711e-01 1.65378442e-12],PI,0
/home/ntlpt19/Downloads/Eval_classification/LC/OTHERS/Insurance_Certificate_48_page_1,"[[1.1331792709040611e-12, 0.0005368571146391332, 0.9994631409645081]]",OTHERS,[1.13317927e-12 5.36857115e-04 9.99463141e-01],OTHERS,1
/home/ntlpt19/Downloads/Eval_classification/LC/PO/Purchase_Order_By_Opener_324_0,"[[0.9999837875366211, 1.6245652659563348e-05, 2.058277356333741e-15]]",PO,[9.99983788e-01 1.62456527e-05 2.05827736e-15],PO,1
/home/ntlpt19/Downloads/Eval_classification/LC/OTHERS/Insurance_Certificate_261_page_5,"[[1.8264018223250803e-16, 3.015952394136358e-16, 1.0]]",OTHERS,[1.82640182e-16 3.01595239e-16 1.00000000e+00],OTHERS,1
/home/ntlpt19/Downloads/Eval_classification/LC/OTHERS/Insurance_Certificate_78_page_1,"[[3.4801910686610427e-08, 1.5724888203694676e-15, 1.0]]",OTHERS,[3.48019107e-08 1.57248882e-15 1.00000000e+00],OTHERS,1
/home/ntlpt19/Downloads/Eval_classification/LC/PO/Purchase_Order_By_Opener_248_2,"[[0.9999897480010986, 1.0247541467833798e-05, 5.844640039413133e-19], [0.07058627903461456, 0.9294137954711914, 1.9310369140301473e-15]]",PO,[5.35288014e-01 4.64712022e-01 9.65810689e-16],PO,1
/home/ntlpt19/Downloads/Eval_classification/LC/PO/Purchase_Order_By_Opener_202_0,"[[1.0, 1.0945251747719294e-15, 4.314394594595913e-28], [0.13581430912017822, 0.8641856908798218, 3.6873412145511076e-17]]",PO,[5.67907155e-01 4.32092845e-01 1.84367061e-17],PO,1
/home/ntlpt19/Downloads/Eval_classification/LC/PO/Purchase_Order_By_Opener_320_0,"[[1.0, 6.962027525661552e-13, 9.882651446561449e-19], [1.0, 4.978124286663727e-22, 1.6452878989769992e-11]]",PO,[1.00000000e+00 3.48101377e-13 8.22643999e-12],PO,1
/home/ntlpt19/Downloads/Eval_classification/LC/PI/Proforma_Invoice(2013_01_10_14_27_36_1131)_541_1,"[[2.321898974282064e-28, 1.0, 4.668097817280726e-24]]",PI,[2.32189897e-28 1.00000000e+00 4.66809782e-24],PI,1
/home/ntlpt19/Downloads/Eval_classification/LC/PI/Proforma_Invoice(2013_01_10_13_53_55_9320)_516_0,"[[1.424766603411718e-22, 1.0, 1.4633918380957366e-29], [8.711438681530126e-07, 0.9999991655349731, 6.60737109470233e-09]]",PI,[4.35571934e-07 9.99999583e-01 3.30368555e-09],PI,1
/home/ntlpt19/Downloads/Eval_classification/LC/PO/Purchase_Order_By_Opener_223_0,"[[8.123602485143877e-12, 0.9999998807907104, 7.960509407212157e-08], [5.840172359376551e-20, 1.0, 2.8895432981268823e-18]]",PO,[4.06180127e-12 9.99999940e-01 3.98025470e-08],PI,0
/home/ntlpt19/Downloads/Eval_classification/LC/OTHERS/Insurance_Certificate(2012_08_24_15_15_12_4817)_28_page_0,"[[0.15714618563652039, 0.8405278921127319, 0.002325918758288026]]",OTHERS,[0.15714619 0.84052789 0.00232592],PI,0
/home/ntlpt19/Downloads/Eval_classification/LC/PI/Proforma_Invoice(2013_01_10_13_54_44_8582)_506_0,"[[1.1585644642764237e-05, 0.9999884366989136, 8.129329593384652e-14], [1.0608111611354332e-12, 1.138561529501203e-07, 0.9999998807907104]]",PI,[5.79282285e-06 4.99994275e-01 4.99999940e-01],OTHERS,0
/home/ntlpt19/Downloads/Eval_classification/LC/OTHERS/Insurance_Certificate_260_page_3,"[[0.7202762365341187, 1.8676196589240135e-08, 0.2797237038612366]]",OTHERS,[7.20276237e-01 1.86761966e-08 2.79723704e-01],PO,0
/home/ntlpt19/Downloads/Eval_classification/LC/OTHERS/Insurance_Certificate_163_page_1,"[[9.247894071419426e-16, 0.00041878726915456355, 0.9995811581611633]]",OTHERS,[9.24789407e-16 4.18787269e-04 9.99581158e-01],OTHERS,1
/home/ntlpt19/Downloads/Eval_classification/LC/PO/Purchase_Order_By_Opener_279_0,"[[0.027615122497081757, 0.052121419459581375, 0.920263409614563], [2.323967735998549e-17, 1.0, 2.1180624962258143e-11]]",PO,[0.01380756 0.52606071 0.4601317 ],PI,0
/home/ntlpt19/Downloads/Eval_classification/LC/OTHERS/Insurance_Certificate_276_page_2,"[[8.140065092180919e-22, 1.0307795927439389e-15, 1.0], [0.9985436201095581, 6.5356551282036435e-09, 0.0014564312295988202]]",OTHERS,[4.99271810e-01 3.26782808e-09 5.00728216e-01],OTHERS,1
/home/ntlpt19/Downloads/Eval_classification/LC/PI/Proforma_Invoice_29_0,"[[1.445321993191677e-37, 1.0, 7.748697474530392e-35], [1.4265229622556497e-11, 1.0, 7.120917354039302e-13]]",PI,[7.13261481e-12 1.00000000e+00 3.56045868e-13],PI,1
/home/ntlpt19/Downloads/Eval_classification/LC/PI/Proforma_Invoice(2013_01_10_13_54_21_8709)_547_0,"[[1.411026739894794e-09, 1.0, 5.881553038871797e-21], [2.2329982130031567e-06, 0.9999977350234985, 7.465488671698495e-09]]",PI,[1.11720462e-06 9.99998868e-01 3.73274434e-09],PI,1
/home/ntlpt19/Downloads/Eval_classification/LC/OTHERS/Insurance_Certificate_142_page_1,"[[0.17682433128356934, 0.8231592774391174, 1.641020025999751e-05]]",OTHERS,[1.76824331e-01 8.23159277e-01 1.64102003e-05],PI,0
/home/ntlpt19/Downloads/Eval_classification/LC/PO/Purchase_Order_By_Opener_345_4,"[[1.0, 3.8093979359832275e-11, 9.389714253616092e-18], [6.208522539780467e-17, 4.017446930681956e-10, 1.0]]",PO,[5.00000000e-01 2.19919336e-10 5.00000000e-01],PO,1
/home/ntlpt19/Downloads/Eval_classification/LC/PI/Proforma_Invoice(2013_01_10_13_55_07_1508)_518_0,"[[5.158926332459422e-14, 1.0, 3.782227516207372e-18], [1.2611797457068308e-12, 1.0, 8.425153817334143e-15]]",PI,[6.56384505e-13 1.00000000e+00 4.21446802e-15],PI,1
/home/ntlpt19/Downloads/Eval_classification/LC/OTHERS/Insurance_Certificate_273_page_7,"[[0.004981466103345156, 6.240167826909726e-10, 0.995018482208252]]",OTHERS,[4.98146610e-03 6.24016783e-10 9.95018482e-01],OTHERS,1
/home/ntlpt19/Downloads/Eval_classification/LC/PO/Purchase_Order_By_Opener_234_0,"[[0.9528623223304749, 0.04713770002126694, 3.9337809268694124e-13], [3.066415592911653e-05, 0.9999693632125854, 1.6669826570851192e-18]]",PO,[4.76446493e-01 5.23553532e-01 1.96689880e-13],PI,0
/home/ntlpt19/Downloads/Eval_classification/LC/OTHERS/Insurance_Certificate_164_page_1,"[[5.546662573685524e-10, 8.651144037252756e-12, 1.0], [1.0, 2.5971748630539427e-18, 4.132675313073264e-10], [0.9999661445617676, 3.457807300537567e-24, 3.388529148651287e-05], [0.011600472033023834, 7.335200968763139e-14, 0.9883995056152344]]",OTHERS,[5.02891654e-01 2.18112466e-12 4.97108348e-01],PO,0
/home/ntlpt19/Downloads/Eval_classification/LC/PO/Purchase_Order_By_Opener_222_0,"[[1.0, 7.711346561301013e-10, 9.747309395506441e-18], [1.0, 8.949942100019529e-29, 5.3888871740920546e-20]]",PO,[1.00000000e+00 3.85567328e-10 4.90059913e-18],PO,1
/home/ntlpt19/Downloads/Eval_classification/LC/PO/Purchase_Order_By_Opener_269_10,"[[1.0, 4.175386026776146e-30, 4.4454599051012975e-28]]",PO,[1.00000000e+00 4.17538603e-30 4.44545991e-28],PO,1
/home/ntlpt19/Downloads/Eval_classification/LC/OTHERS/Insurance_Certificate_172_page_1,"[[1.2266055013266688e-22, 2.1696600713153134e-15, 1.0], [7.268439888594798e-26, 2.6234914591459525e-19, 1.0], [8.08003877263648e-24, 1.6830878789596044e-22, 1.0], [2.0954434679933652e-15, 2.8686167239973675e-21, 1.0]]",OTHERS,[5.23860900e-16 5.42481364e-16 1.00000000e+00],OTHERS,1
/home/ntlpt19/Downloads/Eval_classification/LC/PI/Proforma_Invoice_19_1,"[[0.9995055198669434, 0.0004944573156535625, 5.573813979808939e-12]]",PI,[9.99505520e-01 4.94457316e-04 5.57381398e-12],PO,0
/home/ntlpt19/Downloads/Eval_classification/LC/PO/Purchase_Order_By_Opener_352_0,"[[1.0, 6.357188328194774e-23, 1.6578057861224852e-19], [1.0, 7.252637448669063e-15, 2.35010104367335e-14]]",PO,[1.00000000e+00 3.62631876e-15 1.17505881e-14],PO,1
/home/ntlpt19/Downloads/Eval_classification/LC/PO/Purchase_Order_By_Opener_318_1,"[[1.0, 7.249778034845722e-14, 2.1753064886361676e-20]]",PO,[1.00000000e+00 7.24977803e-14 2.17530649e-20],PO,1
/home/ntlpt19/Downloads/Eval_classification/LC/PO/Purchase_Order_By_Opener_212_0,"[[1.0, 7.427059158339788e-24, 8.665778936990144e-15], [1.0, 6.050903108622365e-18, 3.8162365301046066e-21]]",PO,[1.00000000e+00 3.02545527e-18 4.33289138e-15],PO,1
/home/ntlpt19/Downloads/Eval_classification/LC/OTHERS/Insurance_Certificate_91_page_2,"[[2.507603681509472e-21, 2.076847740759364e-28, 1.0], [1.8483899111743085e-05, 1.2118738811178843e-19, 0.9999815225601196], [5.105514101766406e-12, 4.131051814717062e-25, 1.0], [2.0291133218108826e-09, 5.530113048735075e-05, 0.9999446868896484], [0.9999997615814209, 8.04445718927127e-08, 1.665275703999214e-07]]",OTHERS,[2.00003650e-01 1.10763150e-05 7.99985275e-01],OTHERS,1
/home/ntlpt19/Downloads/Eval_classification/LC/PI/Proforma_Invoice(2013_01_10_13_51_53_1233)_512_0,"[[1.317320363902752e-09, 1.0, 6.393998601555272e-19], [0.9660691022872925, 0.00029909919248893857, 0.0336318165063858]]",PI,[0.48303455 0.50014955 0.01681591],PI,1
/home/ntlpt19/Downloads/Eval_classification/LC/PO/Purchase_Order_By_Opener_190_1,"[[1.5339178816020649e-09, 1.0, 2.2636402301212666e-12], [1.0, 9.526013559434977e-19, 8.881419905071297e-12]]",PO,[5.00000001e-01 5.00000000e-01 5.57253007e-12],PO,1
/home/ntlpt19/Downloads/Eval_classification/LC/OTHERS/Insurance_Certificate_267_page_1,"[[1.5663041532442168e-23, 9.665514543434954e-26, 1.0], [1.2535998697447796e-18, 4.778510537430244e-15, 1.0], [3.777661130865103e-23, 6.765944499892804e-18, 1.0], [1.3578000348468498e-16, 8.16300564062129e-24, 1.0], [8.384751363454902e-31, 1.0568311113327676e-30, 1.0], [4.0313022776780434e-21, 3.7648805784028687e-26, 1.0], [2.262006876724346e-25, 3.4234969787563366e-24, 1.0], [1.0521507978301499e-19, 3.237255337757236e-20, 1.0]]",OTHERS,[1.71428629e-17 5.98163608e-16 1.00000000e+00],OTHERS,1
/home/ntlpt19/Downloads/Eval_classification/LC/OTHERS/Insurance_Certificate_186_page_1,"[[4.555590280008737e-12, 1.383320488156142e-28, 1.0], [6.513266591372639e-21, 9.263226142576953e-28, 1.0], [0.9800938963890076, 5.883299181164148e-08, 0.01990598626434803]]",OTHERS,[3.26697965e-01 1.96109973e-08 6.73301995e-01],OTHERS,1
/home/ntlpt19/Downloads/Eval_classification/LC/PO/Purchase_Order_By_Opener_236_0,"[[1.0, 4.586506521797595e-12, 1.7132523766100367e-14], [0.9999098777770996, 9.008345659822226e-05, 2.857238854490755e-15]]",PO,[9.99954939e-01 4.50417306e-05 9.99488131e-15],PO,1
/home/ntlpt19/Downloads/Eval_classification/LC/PI/Proforma_Invoice_31_0,"[[8.393193083397291e-25, 1.0, 4.657807973468262e-35]]",PI,[8.39319308e-25 1.00000000e+00 4.65780797e-35],PI,1
/home/ntlpt19/Downloads/Eval_classification/LC/PI/Proforma_Invoice_22_0,"[[0.9972866773605347, 1.1340482330979285e-07, 0.002713268855586648], [2.522776640034863e-06, 0.9999967813491821, 7.372731829491386e-07]]",PI,[0.4986446 0.49999845 0.001357 ],PI,1
/home/ntlpt19/Downloads/Eval_classification/LC/PO/Purchase_Order_By_Opener_282_2,"[[1.0, 3.6814877536644374e-17, 6.386075161610983e-27], [3.652452505775727e-05, 0.7394366264343262, 0.2605269253253937]]",PO,[0.50001826 0.36971831 0.13026346],PO,1
/home/ntlpt19/Downloads/Eval_classification/LC/PO/Purchase_Order_By_Opener_345_12,"[[4.988266937289154e-07, 2.5054183424799703e-05, 0.9999744892120361], [0.9897671341896057, 0.010232821106910706, 1.9365706260821014e-10]]",PO,[0.49488382 0.00512894 0.49998724],OTHERS,0
/home/ntlpt19/Downloads/Eval_classification/LC/OTHERS/Insurance_Certificate_96_page_5,"[[0.005461613181978464, 4.951571099809371e-07, 0.994537889957428]]",OTHERS,[5.46161318e-03 4.95157110e-07 9.94537890e-01],OTHERS,1
/home/ntlpt19/Downloads/Eval_classification/LC/OTHERS/Insurance_Certificate_273_page_5,"[[4.6681036057594705e-29, 2.9284173409704922e-24, 1.0], [8.685733433185501e-23, 3.927853702012651e-12, 1.0], [9.522428339344218e-24, 2.408423928890837e-27, 1.0], [1.90960642275101e-21, 2.6070324499550574e-25, 1.0], [1.5955934542498056e-25, 7.967526100551442e-31, 1.0], [9.922772561686423e-26, 3.25307279407871e-22, 1.0], [4.3631794115856484e-24, 2.75631081471206e-30, 1.0], [5.364651764116057e-32, 4.3745089217210464e-33, 1.0], [2.346563167693405e-21, 1.8807628852072918e-19, 1.0], [6.196855425766134e-25, 1.681015752817141e-29, 1.0], [6.238798781170019e-30, 4.002125306470594e-30, 1.0], [7.958087314130502e-14, 1.9597675262120196e-13, 1.0], [5.9045429188131345e-31, 7.894888637071759e-30, 1.0]]",OTHERS,[6.12160596e-15 3.17217742e-13 1.00000000e+00],OTHERS,1
/home/ntlpt19/Downloads/Eval_classification/LC/PI/Proforma_Invoice(2013_01_10_13_51_15_4180)_493_0,"[[7.569992632738831e-09, 1.0, 8.950593444248132e-21], [0.00014459178782999516, 0.9998193383216858, 3.607885810197331e-05]]",PI,[7.22996789e-05 9.99909669e-01 1.80394291e-05],PI,1
/home/ntlpt19/Downloads/Eval_classification/LC/PI/Proforma_Invoice(2013_01_10_13_52_13_8713)_497_0,"[[1.874377821397123e-15, 4.743138326546159e-09, 1.0], [3.5637948755246063e-12, 1.0, 2.1520628345924626e-21]]",PI,[1.78283463e-12 5.00000002e-01 5.00000000e-01],PI,1
/home/ntlpt19/Downloads/Eval_classification/LC/PI/Proforma_Invoice(2013_01_10_13_54_13_1046)_504_0,"[[1.7998721680819244e-14, 1.0, 3.2732133596220887e-22], [7.260579195644823e-07, 0.9999992847442627, 2.3463574833071377e-12]]",PI,[3.63028969e-07 9.99999642e-01 1.17317874e-12],PI,1
/home/ntlpt19/Downloads/Eval_classification/LC/OTHERS/Insurance_Certificate_267_page_3,"[[2.317097964116587e-25, 1.2383677275395035e-16, 1.0], [2.6515347327281207e-17, 6.278366765232543e-20, 1.0], [9.261124475377e-24, 5.500438972986435e-27, 1.0], [3.701365699945426e-20, 3.0911472725359096e-18, 1.0], [3.0303307743540605e-25, 2.1738757807635776e-16, 1.0], [6.813028613494865e-11, 1.1382030044148037e-17, 1.0], [1.2068254944418966e-20, 4.398876550838257e-24, 1.0], [2.664115488100562e-18, 8.551567252086877e-22, 1.0]]",OTHERS,[8.51628942e-12 4.44701464e-17 1.00000000e+00],OTHERS,1
/home/ntlpt19/Downloads/Eval_classification/LC/OTHERS/Insurance_Certificate_159_page_0,"[[5.115430905406039e-18, 5.805364816622958e-28, 1.0], [3.0402098295589453e-16, 4.26782870928784e-26, 1.0], [8.078444074539358e-22, 4.1634531402468295e-17, 1.0], [1.2901050399413e-13, 2.5147160025215685e-25, 1.0]]",OTHERS,[3.23299103e-14 1.04086329e-17 1.00000000e+00],OTHERS,1
/home/ntlpt19/Downloads/Eval_classification/LC/OTHERS/Insurance_Certificate_220_page_3,"[[1.0754499504481152e-14, 8.767724393732301e-12, 1.0]]",OTHERS,[1.07544995e-14 8.76772439e-12 1.00000000e+00],OTHERS,1
/home/ntlpt19/Downloads/Eval_classification/LC/OTHERS/Insurance_Certificate_116_page_0,"[[7.207484875108015e-16, 1.4919692331287634e-15, 1.0], [3.5424237752828064e-25, 6.993247487441678e-25, 1.0], [0.9996532201766968, 8.427400111088446e-09, 0.00034681789111346006], [0.996249258518219, 1.514191003533637e-17, 0.003750703064724803], [0.9740394353866577, 2.3321682363075524e-08, 0.025960594415664673], [0.04224823787808418, 4.815899418754996e-15, 0.9577518105506897], [0.9999979734420776, 1.536783894584559e-10, 2.034929821093101e-06], [6.18397688612049e-09, 1.1989202793302201e-26, 1.0], [1.0, 3.4859261055092067e-22, 3.5200791934086872e-12], [1.2690153615435573e-11, 4.622415339383679e-09, 1.0], [2.039450691881939e-06, 6.250878157610122e-18, 0.9999979734420776]]",OTHERS,[4.55653652e-01 3.32047114e-09 5.44346358e-01],OTHERS,1
/home/ntlpt19/Downloads/Eval_classification/LC/OTHERS/Insurance_Certificate_52_page_13,"[[2.2121420772373114e-21, 1.0, 8.480330764695366e-21], [2.2261890479162146e-26, 5.667733196553101e-18, 1.0], [3.281575189362229e-08, 0.00046358819236047566, 0.999536395072937], [1.986763719849776e-14, 0.4446896016597748, 0.5553104281425476], [1.205130075732086e-07, 3.772557266579213e-11, 0.9999998807907104]]",OTHERS,[3.06657559e-08 2.89030638e-01 7.10969341e-01],OTHERS,1
/home/ntlpt19/Downloads/Eval_classification/LC/PO/Purchase_Order_By_Opener_346_1,"[[6.75028609398165e-12, 0.979491114616394, 0.020508890971541405]]",PO,[6.75028609e-12 9.79491115e-01 2.05088910e-02],PI,0
/home/ntlpt19/Downloads/Eval_classification/LC/OTHERS/Insurance_Certificate_273_page_3,"[[5.965448459250924e-22, 1.5808562308636607e-36, 1.0], [1.2619640679170802e-31, 1.6559786996512935e-27, 1.0], [4.986494437617065e-19, 2.0179031140674372e-26, 1.0], [9.42043745954128e-23, 4.869237466352082e-26, 1.0], [8.2094935760108915e-19, 2.532114006353247e-22, 1.0], [3.2244599222942714e-29, 5.697958720413184e-31, 1.0], [3.5911414558954245e-28, 3.540933373905913e-20, 1.0], [4.1117767380550853e-25, 1.4798076283658738e-27, 1.0], [4.245212560173219e-25, 4.117267227735951e-34, 1.0], [1.6274531734659908e-27, 6.959631659079882e-26, 1.0], [5.106988286484016e-18, 4.182297081936834e-26, 1.0], [2.2637257060292097e-24, 1.4084690652759885e-21, 1.0], [8.04422582308236e-35, 2.985436390456886e-38, 1.0]]",OTHERS,[4.94406226e-19 2.85163059e-21 1.00000000e+00],OTHERS,1
/home/ntlpt19/Downloads/Eval_classification/LC/OTHERS/Insurance_Certificate_162_page_1,"[[3.2375941290158517e-15, 0.00035176039091311395, 0.9996482133865356]]",OTHERS,[3.23759413e-15 3.51760391e-04 9.99648213e-01],OTHERS,1
/home/ntlpt19/Downloads/Eval_classification/LC/OTHERS/Insurance_Certificate_276_page_4,"[[1.0, 7.012062303956949e-15, 2.8962707289682077e-21]]",OTHERS,[1.00000000e+00 7.01206230e-15 2.89627073e-21],PO,0
/home/ntlpt19/Downloads/Eval_classification/LC/OTHERS/Insurance_Certificate_255_page_1,"[[4.858120131659924e-35, 1.0832584519010475e-33, 1.0], [4.955597428723743e-14, 2.24810141176671e-21, 1.0], [9.542796579462374e-38, 2.737825460748769e-30, 1.0], [2.2086209073966415e-33, 7.844547988054291e-29, 1.0], [1.8263451486582426e-32, 1.7153932637820802e-30, 1.0], [1.5555226993086657e-28, 5.743556659642004e-35, 1.0], [1.6697530499193137e-31, 5.264410937920308e-29, 1.0], [4.2916548132588887e-23, 4.9551150308871365e-18, 1.0], [5.5360984893559895e-12, 8.312494200184584e-15, 1.0], [2.0754649384667336e-25, 4.649011722109356e-24, 1.0], [4.295316050977141e-34, 2.4818795650267156e-29, 1.0]]",OTHERS,[5.07786769e-13 7.56131961e-16 1.00000000e+00],OTHERS,1
/home/ntlpt19/Downloads/Eval_classification/LC/OTHERS/Insurance_Certificate_91_page_3,"[[4.718776423525565e-27, 2.5308883131170177e-29, 1.0], [0.9999277591705322, 7.219069811981171e-05, 1.8044695737629013e-09], [0.04194841906428337, 2.5815693333042233e-11, 0.9580516219139099]]",OTHERS,[3.47292059e-01 2.40635746e-05 6.52683875e-01],OTHERS,1
/home/ntlpt19/Downloads/Eval_classification/LC/PO/Purchase_Order_By_Opener_276_2,"[[0.9995361566543579, 1.0698244068407803e-08, 0.00046381185529753566], [1.0, 7.429331909598099e-15, 1.403431155553317e-16]]",PO,[9.99768078e-01 5.34912575e-09 2.31905928e-04],PO,1
/home/ntlpt19/Downloads/Eval_classification/LC/PO/Purchase_Order_By_Opener_269_1,"[[1.0, 4.206414845858192e-31, 1.9965241361267722e-27], [1.0, 2.3497406277661614e-12, 1.137911630044032e-18]]",PO,[1.00000000e+00 1.17487031e-12 5.68955816e-19],PO,1
/home/ntlpt19/Downloads/Eval_classification/LC/OTHERS/Insurance_Certificate_246_page_11,"[[0.00013772185775451362, 2.953416844420076e-09, 0.9998623132705688], [3.149053847551757e-23, 3.6752177246212854e-16, 1.0], [3.87701243993125e-14, 9.525977370283177e-19, 1.0], [0.9997631907463074, 1.805227322132703e-15, 0.00023686551139689982]]",OTHERS,[2.49975228e-01 7.38354755e-10 7.50024795e-01],OTHERS,1
/home/ntlpt19/Downloads/Eval_classification/LC/OTHERS/Insurance_Certificate_70_page_1,"[[9.44464233383624e-14, 3.1897626900923015e-11, 1.0]]",OTHERS,[9.44464233e-14 3.18976269e-11 1.00000000e+00],OTHERS,1
/home/ntlpt19/Downloads/Eval_classification/LC/PI/Proforma_Invoice_19_0,"[[0.9992653727531433, 7.677299436181784e-05, 0.000657964963465929], [1.0, 7.539499820514631e-17, 4.9336043876548746e-14]]",PI,[9.99632686e-01 3.83864972e-05 3.28982482e-04],PO,0
/home/ntlpt19/Downloads/Eval_classification/LC/PO/Purchase_Order_By_Opener_251_2,"[[0.9999897480010986, 1.0247541467833798e-05, 5.844640039413133e-19], [0.07058627903461456, 0.9294137954711914, 1.9310369140301473e-15]]",PO,[5.35288014e-01 4.64712022e-01 9.65810689e-16],PO,1
/home/ntlpt19/Downloads/Eval_classification/LC/PO/Purchase_Order_By_Opener_329_1,"[[1.0, 2.918063922109999e-41, 4.232341751800245e-41]]",PO,[1.00000000e+00 2.91806392e-41 4.23234175e-41],PO,1
/home/ntlpt19/Downloads/Eval_classification/LC/OTHERS/Insurance_Certificate_153_page_1,"[[0.010050792247056961, 0.989949107170105, 1.2359754464341677e-07]]",OTHERS,[1.00507922e-02 9.89949107e-01 1.23597545e-07],PI,0
/home/ntlpt19/Downloads/Eval_classification/LC/PO/Purchase_Order_By_Opener_260_0,"[[0.1546502262353897, 1.7541172507573588e-12, 0.8453497886657715], [0.9999295473098755, 1.298241869562844e-08, 7.047886902000755e-05]]",PO,[5.77289887e-01 6.49208641e-09 4.22710134e-01],PO,1
/home/ntlpt19/Downloads/Eval_classification/LC/OTHERS/Insurance_Certificate_57_page_5,"[[3.4590321058847184e-13, 1.4097197134421902e-16, 1.0], [1.0685060475301711e-11, 8.447656322705954e-21, 1.0], [5.511246976364417e-15, 1.7451020901198772e-21, 1.0]]",OTHERS,[3.67882498e-12 4.69940547e-17 1.00000000e+00],OTHERS,1
/home/ntlpt19/Downloads/Eval_classification/LC/PO/Purchase_Order_By_Opener_205_0,"[[1.8178998288931325e-06, 1.794951965449561e-15, 0.9999982118606567], [1.0, 4.6709001683825635e-14, 1.0816216517020874e-21]]",PO,[5.00000909e-01 2.42519768e-14 4.99999106e-01],PO,1
/home/ntlpt19/Downloads/Eval_classification/LC/OTHERS/Insurance_Certificate_77_page_3,"[[0.9955316781997681, 0.003692192956805229, 0.0007761770975776017]]",OTHERS,[9.95531678e-01 3.69219296e-03 7.76177098e-04],PO,0
/home/ntlpt19/Downloads/Eval_classification/LC/OTHERS/Insurance_Certificate_129_page_1,"[[8.525834988011802e-22, 1.0532869458359989e-27, 1.0]]",OTHERS,[8.52583499e-22 1.05328695e-27 1.00000000e+00],OTHERS,1
/home/ntlpt19/Downloads/Eval_classification/LC/PO/Purchase_Order_By_Opener_334_0,"[[1.0, 2.261737718424781e-19, 1.752743812416428e-18], [1.0, 1.4691615979334216e-10, 3.821024918693183e-08]]",PO,[1.00000000e+00 7.34580800e-11 1.91051246e-08],PO,1
/home/ntlpt19/Downloads/Eval_classification/LC/PI/Proforma_Invoice(2013_01_10_13_54_30_1695)_505_0,"[[0.08513806760311127, 0.9148618578910828, 8.540735052520176e-08], [3.176538143634389e-08, 1.0, 3.294066662642243e-16]]",PI,[4.25690497e-02 9.57430929e-01 4.27036754e-08],PI,1
/home/ntlpt19/Downloads/Eval_classification/LC/OTHERS/Insurance_Certificate_276_page_6,"[[2.104022314597387e-05, 0.9966932535171509, 0.003285689279437065], [3.66448061131508e-12, 4.9489752827904616e-18, 1.0]]",OTHERS,[1.05201134e-05 4.98346627e-01 5.01642845e-01],OTHERS,1
/home/ntlpt19/Downloads/Eval_classification/LC/PI/Proforma_Invoice_22_1,"[[0.4089185297489166, 0.5675785541534424, 0.023502929136157036], [3.9517869520918193e-16, 1.0, 2.396962156804393e-16]]",PI,[0.20445926 0.78378928 0.01175146],PI,1
/home/ntlpt19/Downloads/Eval_classification/LC/PO/Purchase_Order_By_Opener_246_0,"[[1.0, 2.1031380741049009e-16, 4.437559870886128e-15]]",PO,[1.00000000e+00 2.10313807e-16 4.43755987e-15],PO,1
/home/ntlpt19/Downloads/Eval_classification/LC/OTHERS/Insurance_Certificate_91_page_4,"[[6.285151455713068e-19, 2.0041161294307767e-20, 1.0], [1.247034836504568e-10, 3.256942598227516e-17, 1.0], [6.207832092123169e-18, 3.7770177696530976e-28, 1.0]]",OTHERS,[4.15678302e-11 1.08631557e-17 1.00000000e+00],OTHERS,1
/home/ntlpt19/Downloads/Eval_classification/LC/PI/Proforma_Invoice(2013_01_10_13_54_51_9272)_507_0,"[[5.193365269079431e-13, 1.0, 7.542522362454271e-24], [0.5885032415390015, 0.4113331139087677, 0.00016363874601665884]]",PI,[2.94251621e-01 7.05666557e-01 8.18193730e-05],PI,1
/home/ntlpt19/Downloads/Eval_classification/LC/PO/Purchase_Order_By_Opener_240_3,"[[3.0400503756066247e-14, 1.9382512630485016e-13, 1.0], [1.0, 8.747694764159398e-20, 1.2988450158928378e-21], [1.0, 1.6426364362314837e-17, 2.4757270164467767e-19]]",PO,[6.66666667e-01 6.46138800e-14 3.33333333e-01],PO,1
/home/ntlpt19/Downloads/Eval_classification/LC/PO/Purchase_Order_By_Opener_269_6,"[[1.0, 1.3085001002652953e-25, 3.2671656132517355e-28]]",PO,[1.00000000e+00 1.30850010e-25 3.26716561e-28],PO,1
/home/ntlpt19/Downloads/Eval_classification/LC/PI/Proforma_Invoice(2013_01_10_13_54_59_7183)_522_0,"[[0.01365554891526699, 0.9863443374633789, 1.1031627877855499e-07], [5.251961283647688e-07, 0.9999995231628418, 2.4270420251811324e-21]]",PI,[6.82803706e-03 9.93171930e-01 5.51581394e-08],PI,1
/home/ntlpt19/Downloads/Eval_classification/LC/PO/Purchase_Order_By_Opener_297_0,"[[0.0003722971014212817, 0.9996055960655212, 2.212897379649803e-05], [0.9722327589988708, 0.027767209336161613, 6.419690889991614e-10]]",PO,[4.86302528e-01 5.13686403e-01 1.10648079e-05],PI,0
/home/ntlpt19/Downloads/Eval_classification/LC/PO/Purchase_Order_By_Opener_345_8,"[[0.91352778673172, 0.08647222816944122, 1.869593230230393e-10], [0.9978715181350708, 0.0021284744143486023, 1.1934575105954082e-08]]",PO,[9.55699652e-01 4.43003513e-02 6.06076721e-09],PO,1
/home/ntlpt19/Downloads/Eval_classification/LC/OTHERS/Insurance_Certificate_52_page_12,"[[0.949687123298645, 2.265382818222861e-06, 0.05031067132949829], [8.511285898856889e-20, 7.755065478676215e-10, 1.0], [4.9821848868703e-09, 1.2992787270443972e-17, 1.0], [5.549392517423257e-05, 0.0006887939525768161, 0.9992557168006897], [7.674820501346602e-11, 1.0112976231988532e-15, 1.0]]",OTHERS,[1.89948524e-01 1.38212022e-04 8.09913278e-01],OTHERS,1
/home/ntlpt19/Downloads/Eval_classification/LC/PO/Purchase_Order_By_Opener_201_0,"[[1.0, 5.86210440189916e-08, 1.119918824343813e-08], [0.9999873638153076, 1.2685640285781119e-05, 1.9185838681656797e-11]]",PO,[9.99993682e-01 6.37213066e-06 5.60918704e-09],PO,1
/home/ntlpt19/Downloads/Eval_classification/LC/PO/Purchase_Order_By_Opener_202_1,"[[1.0, 4.622236796910024e-25, 3.510819295710291e-27], [1.0, 1.5498842747727732e-20, 3.4404606066843543e-26]]",PO,[1.00000000e+00 7.74965249e-21 1.89577127e-26],PO,1
/home/ntlpt19/Downloads/Eval_classification/LC/PO/Purchase_Order_By_Opener_307_0,"[[1.0, 6.922386290556426e-16, 6.225120245673121e-14]]",PO,[1.00000000e+00 6.92238629e-16 6.22512025e-14],PO,1
/home/ntlpt19/Downloads/Eval_classification/LC/OTHERS/Insurance_Certificate_59_page_1,"[[2.70159570339983e-16, 1.1590262170152466e-13, 1.0], [0.10170361399650574, 3.595242770160212e-09, 0.8982964158058167], [1.0767454701355839e-17, 2.0919999878952009e-16, 1.0]]",OTHERS,[3.39012047e-02 1.19845296e-09 9.66098805e-01],OTHERS,1
/home/ntlpt19/Downloads/Eval_classification/LC/OTHERS/Insurance_Certificate_276_page_3,"[[1.0, 2.330742265854724e-09, 3.525923997216296e-09]]",OTHERS,[1.00000000e+00 2.33074227e-09 3.52592400e-09],PO,0
/home/ntlpt19/Downloads/Eval_classification/LC/OTHERS/Insurance_Certificate_98_page_1,"[[4.992636604583822e-05, 4.297772875361261e-07, 0.9999496936798096]]",OTHERS,[4.99263660e-05 4.29777288e-07 9.99949694e-01],OTHERS,1
/home/ntlpt19/Downloads/Eval_classification/LC/PO/Purchase_Order_By_Opener_248_1,"[[0.025761878117918968, 0.00015318849182222039, 0.9740849137306213], [1.0, 1.1509434883635292e-17, 1.489223228908751e-22]]",PO,[5.12880939e-01 7.65942459e-05 4.87042457e-01],PO,1
/home/ntlpt19/Downloads/Eval_classification/LC/PO/Purchase_Order_By_Opener_269_0,"[[1.0, 2.591945755248126e-13, 2.833891589964319e-26], [6.878495346927714e-19, 1.0, 2.263447810943658e-18]]",PO,[5.00000000e-01 5.00000000e-01 1.13172392e-18],PI,0
/home/ntlpt19/Downloads/Eval_classification/LC/PO/Purchase_Order_By_Opener_246_1,"[[1.0, 8.7272472709394415e-16, 3.970619388837804e-10]]",PO,[1.00000000e+00 8.72724727e-16 3.97061939e-10],PO,1
/home/ntlpt19/Downloads/Eval_classification/LC/PO/Purchase_Order_By_Opener_315_0,"[[2.550330823261615e-13, 1.0, 1.2649040786368986e-16], [1.368934743339878e-08, 3.053854129575484e-07, 0.9999996423721313], [0.977205753326416, 0.022794179618358612, 1.9174135612587406e-09]]",PO,[0.32573526 0.3409315 0.33333321],PI,0
/home/ntlpt19/Downloads/Eval_classification/LC/PO/Purchase_Order_By_Opener_264_0,"[[1.0, 1.0409437932934126e-13, 3.6851212944315626e-20]]",PO,[1.00000000e+00 1.04094379e-13 3.68512129e-20],PO,1
/home/ntlpt19/Downloads/Eval_classification/LC/PO/Purchase_Order_By_Opener_296_1,"[[1.0, 2.080822217683448e-34, 1.5927932310683687e-36]]",PO,[1.00000000e+00 2.08082222e-34 1.59279323e-36],PO,1
/home/ntlpt19/Downloads/Eval_classification/LC/PI/Proforma_Invoice(2013_01_10_13_52_23_1384)_513_0,"[[0.00016053079161792994, 0.9998393058776855, 1.1481597539386712e-07], [2.9114547217545805e-08, 1.0, 2.0730678089073322e-17]]",PI,[8.02799531e-05 9.99919653e-01 5.74079877e-08],PI,1
/home/ntlpt19/Downloads/Eval_classification/LC/PO/Purchase_Order_By_Opener_240_1,"[[0.0005228192894719541, 0.999477207660675, 1.0144488698372193e-25], [1.0, 3.711631696434736e-12, 1.7569892678621407e-24]]",PO,[5.00261410e-01 4.99738604e-01 9.29217077e-25],PO,1
/home/ntlpt19/Downloads/Eval_classification/LC/PO/Purchase_Order_By_Opener_240_0,"[[6.913395918672904e-05, 0.9999308586120605, 4.232677079428691e-33], [0.9999997615814209, 2.3444766839020303e-07, 5.602926231188032e-23]]",PO,[5.00034448e-01 4.99965547e-01 2.80146312e-23],PO,1
/home/ntlpt19/Downloads/Eval_classification/LC/OTHERS/Insurance_Certificate_52_page_5,"[[3.1048276798759745e-21, 1.2854195433557397e-19, 1.0], [3.1271687969868823e-32, 1.5113284197436017e-40, 1.0], [4.5542200090556555e-43, 4.591711331204616e-32, 1.0]]",OTHERS,[1.03494256e-21 4.28473181e-20 1.00000000e+00],OTHERS,1
/home/ntlpt19/Downloads/Eval_classification/LC/PO/Purchase_Order_By_Opener_236_1,"[[0.9999926090240479, 5.921006470257855e-17, 7.366224963334389e-06]]",PO,[9.99992609e-01 5.92100647e-17 7.36622496e-06],PO,1
/home/ntlpt19/Downloads/Eval_classification/LC/OTHERS/Insurance_Certificate_201_page_1,"[[2.0779593157271847e-08, 0.010293579660356045, 0.9897063970565796]]",OTHERS,[2.07795932e-08 1.02935797e-02 9.89706397e-01],OTHERS,1
/home/ntlpt19/Downloads/Eval_classification/LC/PI/Proforma_Invoice(2013_01_10_13_55_14_3594)_523_0,"[[3.2740484101623224e-08, 1.0, 4.5801861858763004e-08], [2.1505282347789034e-05, 0.9999785423278809, 1.6023500140128523e-15]]",PI,[1.07690114e-05 9.99989271e-01 2.29009317e-08],PI,1
/home/ntlpt19/Downloads/Eval_classification/LC/PI/Proforma_Invoice(2013_01_10_13_51_40_2579)_491_0,"[[5.0805075701987334e-09, 1.0, 6.799416715427831e-13], [1.6845559002831578e-05, 0.9916788935661316, 0.008304325863718987]]",PI,[8.42531976e-06 9.95839447e-01 4.15216293e-03],PI,1
/home/ntlpt19/Downloads/Eval_classification/LC/PO/Purchase_Order_By_Opener_269_7,"[[1.0, 5.0276263813171767e-23, 1.1068999357925385e-21]]",PO,[1.00000000e+00 5.02762638e-23 1.10689994e-21],PO,1
/home/ntlpt19/Downloads/Eval_classification/LC/PO/Purchase_Order_By_Opener_325_4,"[[1.0, 5.612341166193076e-30, 3.6270414220045656e-31]]",PO,[1.00000000e+00 5.61234117e-30 3.62704142e-31],PO,1
/home/ntlpt19/Downloads/Eval_classification/LC/PO/Purchase_Order_By_Opener_269_4,"[[1.0, 2.2687825613349323e-32, 3.926622147396657e-36]]",PO,[1.00000000e+00 2.26878256e-32 3.92662215e-36],PO,1
/home/ntlpt19/Downloads/Eval_classification/LC/PO/Purchase_Order_By_Opener_333_0,"[[1.7009015562720613e-15, 2.409075272168798e-13, 1.0], [0.9999960660934448, 3.955052761739353e-06, 1.1624639445484419e-10]]",PO,[4.99998033e-01 1.97752650e-06 5.00000000e-01],OTHERS,0
/home/ntlpt19/Downloads/Eval_classification/LC/OTHERS/Insurance_Certificate_58_page_3,"[[3.4030313103176413e-15, 2.7702280469554807e-09, 1.0]]",OTHERS,[3.40303131e-15 2.77022805e-09 1.00000000e+00],OTHERS,1
/home/ntlpt19/Downloads/Eval_classification/LC/OTHERS/Insurance_Certificate_174_page_2,"[[4.2589249460434075e-08, 0.9999966621398926, 3.298712726973463e-06]]",OTHERS,[4.25892495e-08 9.99996662e-01 3.29871273e-06],PI,0
/home/ntlpt19/Downloads/Eval_classification/LC/PI/Proforma_Invoice_19_3,"[[9.673292548917356e-12, 1.0, 1.458135587311654e-16]]",PI,[9.67329255e-12 1.00000000e+00 1.45813559e-16],PI,1
/home/ntlpt19/Downloads/Eval_classification/LC/PO/Purchase_Order_By_Opener_338_0,"[[1.0, 1.3559362521675666e-09, 9.034961304310475e-18], [1.0, 4.40005914733102e-13, 1.847974110365312e-15]]",PO,[1.00000000e+00 6.78188129e-10 9.28504536e-16],PO,1
/home/ntlpt19/Downloads/Eval_classification/LC/PI/Proforma_Invoice(2013_01_10_13_55_22_4671)_548_0,"[[1.3016721034375678e-10, 3.321790842392147e-08, 1.0], [1.294349284870766e-13, 1.0, 2.4478810334404816e-28]]",PI,[6.51483226e-11 5.00000017e-01 5.00000000e-01],PI,1
/home/ntlpt19/Downloads/Eval_classification/LC/PO/Purchase_Order_By_Opener_334_5,"[[1.0, 1.120040268832732e-16, 1.9164105955967825e-18], [1.0, 6.336196080617904e-16, 3.1592667953915396e-17]]",PO,[1.00000000e+00 3.72811817e-16 1.67545393e-17],PO,1
/home/ntlpt19/Downloads/Eval_classification/LC/OTHERS/Insurance_Certificate(2012_08_28_15_02_06_9952)_93_page_0,"[[9.366601244620298e-11, 1.0571037356182672e-18, 1.0], [0.6417551636695862, 0.0014166735345497727, 0.35682809352874756]]",OTHERS,[0.32087758 0.00070834 0.67841405],OTHERS,1
/home/ntlpt19/Downloads/Eval_classification/LC/PO/Purchase_Order_By_Opener_269_15,"[[0.0002871036122087389, 4.509332296273782e-21, 0.9997128844261169], [1.0, 2.2351153480224606e-26, 5.675100452233195e-29]]",PO,[5.00143552e-01 2.25467732e-21 4.99856442e-01],PO,1
/home/ntlpt19/Downloads/Eval_classification/LC/PO/Purchase_Order_By_Opener_246_3,"[[1.0, 3.744528346199961e-18, 3.2117114523444457e-10]]",PO,[1.00000000e+00 3.74452835e-18 3.21171145e-10],PO,1
/home/ntlpt19/Downloads/Eval_classification/LC/PO/Purchase_Order_By_Opener_321_0,"[[6.266828677325975e-06, 0.9976317882537842, 0.0023619404528290033], [1.9485101032667984e-10, 0.0016030693659558892, 0.9983969330787659]]",PO,[3.13351176e-06 4.99617429e-01 5.00379437e-01],OTHERS,0
/home/ntlpt19/Downloads/Eval_classification/LC/PO/Purchase_Order_By_Opener_227_0,"[[1.026533951176134e-07, 0.9999998807907104, 7.814757073359207e-17], [1.0, 7.849790489733535e-28, 2.8464877447647697e-29]]",PO,[5.00000051e-01 4.99999940e-01 3.90737854e-17],PO,1
/home/ntlpt19/Downloads/Eval_classification/LC/PO/Purchase_Order_By_Opener_345_16,"[[3.74831138350018e-10, 0.7380478382110596, 0.2619521915912628], [9.30776316481266e-14, 1.0, 1.0576114177192217e-19]]",PO,[1.87462108e-10 8.69023919e-01 1.30976096e-01],PI,0
/home/ntlpt19/Downloads/Eval_classification/LC/OTHERS/Insurance_Certificate_96_page_1,"[[0.9994400143623352, 2.482654304358789e-09, 0.0005599299329333007]]",OTHERS,[9.99440014e-01 2.48265430e-09 5.59929933e-04],PO,0
/home/ntlpt19/Downloads/Eval_classification/LC/PO/Purchase_Order_By_Opener_218_1,"[[1.0, 2.38647246902186e-14, 3.3895262087348126e-18], [1.6107392184494529e-06, 0.9999983310699463, 1.1995700716047899e-15]]",PO,[5.00000805e-01 4.99999166e-01 6.01479799e-16],PO,1
/home/ntlpt19/Downloads/Eval_classification/LC/PO/Purchase_Order_By_Opener_269_2,"[[1.0, 6.287375186423749e-36, 1.7134295123069553e-32]]",PO,[1.00000000e+00 6.28737519e-36 1.71342951e-32],PO,1
/home/ntlpt19/Downloads/Eval_classification/LC/OTHERS/Insurance_Certificate_33_page_1,"[[0.0002246070944238454, 0.9997753500938416, 5.855122608977581e-08]]",OTHERS,[2.24607094e-04 9.99775350e-01 5.85512261e-08],PI,0
/home/ntlpt19/Downloads/Eval_classification/LC/PO/Purchase_Order_By_Opener_223_1,"[[6.130485224777903e-19, 0.9996888637542725, 0.00031110423151403666], [3.2067703717634187e-19, 0.999956488609314, 4.350541712483391e-05]]",PO,[4.66862780e-19 9.99822676e-01 1.77304824e-04],PI,0
/home/ntlpt19/Downloads/Eval_classification/LC/PO/Purchase_Order_By_Opener_282_1,"[[0.02641693502664566, 0.031120307743549347, 0.942462682723999], [1.0, 3.2242375929646025e-22, 5.5342543116667325e-22]]",PO,[0.51320847 0.01556015 0.47123134],PO,1
/home/ntlpt19/Downloads/Eval_classification/LC/PO/Purchase_Order_By_Opener_323_0,"[[1.0, 5.093193228278281e-11, 8.266593853695427e-19], [0.9999994039535522, 6.45740017013452e-10, 5.493094477060367e-07]]",PO,[9.99999702e-01 3.48335975e-10 2.74654724e-07],PO,1
/home/ntlpt19/Downloads/Eval_classification/LC/OTHERS/Insurance_Certificate_160_page_5,"[[1.735408920726207e-22, 5.12545977882084e-11, 1.0], [8.98115386720839e-15, 4.788016212842194e-06, 0.999995231628418]]",OTHERS,[4.49057702e-15 2.39403373e-06 9.99997616e-01],OTHERS,1
/home/ntlpt19/Downloads/Eval_classification/LC/PO/Purchase_Order_By_Opener_289_0,"[[0.00011294447904219851, 0.9998867511749268, 2.754969159468601e-07], [1.7170260439153262e-12, 2.2700309187939638e-08, 1.0]]",PO,[5.64722404e-05 4.99943387e-01 5.00000138e-01],OTHERS,0
/home/ntlpt19/Downloads/Eval_classification/LC/PO/Purchase_Order_By_Opener_194_0,"[[1.0, 2.1218431525693582e-11, 3.0314401351509132e-18], [1.0, 4.5138774662500936e-11, 4.83359516786789e-18]]",PO,[1.00000000e+00 3.31786031e-11 3.93251765e-18],PO,1
/home/ntlpt19/Downloads/Eval_classification/LC/OTHERS/Insurance_Certificate_182_page_1,"[[0.9994115829467773, 0.0005884298589080572, 5.68970781600342e-09]]",OTHERS,[9.99411583e-01 5.88429859e-04 5.68970782e-09],PO,0
/home/ntlpt19/Downloads/Eval_classification/LC/PO/Purchase_Order_By_Opener_217_1,"[[1.0, 1.988658022977763e-11, 7.02549414909485e-25], [1.0, 3.0228315510416603e-14, 5.151083010655755e-13]]",PO,[1.00000000e+00 9.95840427e-12 2.57554151e-13],PO,1
/home/ntlpt19/Downloads/Eval_classification/LC/PI/Proforma_Invoice(2013_01_10_13_54_03_3279)_517_0,"[[0.8910717368125916, 0.108927883207798, 4.451027848517697e-07], [7.674329921547596e-13, 1.0, 1.2666562126104084e-17]]",PI,[4.45535868e-01 5.54463942e-01 2.22551392e-07],PI,1
/home/ntlpt19/Downloads/Eval_classification/LC/PO/Purchase_Order_By_Opener_251_1,"[[0.025761878117918968, 0.00015318849182222039, 0.9740849137306213], [1.0, 1.1509434883635292e-17, 1.489223228908751e-22]]",PO,[5.12880939e-01 7.65942459e-05 4.87042457e-01],PO,1
/home/ntlpt19/Downloads/Eval_classification/LC/PO/Purchase_Order_By_Opener_203_0,"[[0.002037667203694582, 0.997423529624939, 0.0005388457211665809], [1.0, 3.210573954106323e-24, 6.730608574999986e-23], [0.9997764229774475, 0.00022362521849572659, 5.910831224827231e-26]]",PO,[6.67271363e-01 3.32549052e-01 1.79615240e-04],PO,1
/home/ntlpt19/Downloads/Eval_classification/LC/PI/Proforma_Invoice(2013_01_10_14_27_36_1131)_541_0,"[[2.670739131027476e-26, 1.0, 2.2214113994389789e-35]]",PI,[2.67073913e-26 1.00000000e+00 2.22141140e-35],PI,1
/home/ntlpt19/Downloads/Eval_classification/LC/PO/Purchase_Order_By_Opener_239_0,"[[0.9999997615814209, 2.3050273512126296e-07, 1.7091940088256809e-15], [1.0, 2.632307776148568e-38, 4.257790273584952e-36]]",PO,[9.99999881e-01 1.15251368e-07 8.54597004e-16],PO,1
/home/ntlpt19/Downloads/Eval_classification/LC/PO/Purchase_Order_By_Opener_280_0,"[[4.345915988190896e-11, 1.6928387944897816e-12, 1.0], [1.0, 7.142167909572202e-27, 1.4140179693811206e-08], [1.0, 1.0475327227872745e-20, 1.0752413092925475e-13], [1.6469738284285995e-06, 2.6932151064801367e-16, 0.9999983310699463], [1.0, 4.828468148694129e-27, 2.3379529196305436e-26]]",PO,[6.00000329e-01 3.38621625e-13 3.99999669e-01],PO,1
/home/ntlpt19/Downloads/Eval_classification/LC/PO/Purchase_Order_By_Opener_296_0,"[[1.0, 0.0, 1.0089348943138683e-43]]",PO,[1.00000000e+00 0.00000000e+00 1.00893489e-43],PO,1
/home/ntlpt19/Downloads/Eval_classification/LC/PO/Purchase_Order_By_Opener_341_0,"[[1.0, 1.582595183573301e-27, 1.1601342094315447e-17], [1.0, 3.317878452855456e-15, 1.9182825466979025e-11]]",PO,[1.00000000e+00 1.65893923e-15 9.59141853e-12],PO,1
/home/ntlpt19/Downloads/Eval_classification/LC/PO/Purchase_Order_By_Opener_235_0,"[[2.3773849489923003e-15, 1.0, 1.3426105937184716e-24], [0.7204225659370422, 0.27957746386528015, 5.45869176683117e-13]]",PO,[3.60211283e-01 6.39788732e-01 2.72934588e-13],PI,0
/home/ntlpt19/Downloads/Eval_classification/LC/OTHERS/Insurance_Certificate_52_page_8,"[[5.235697176157066e-27, 2.6668215267564682e-17, 1.0]]",OTHERS,[5.23569718e-27 2.66682153e-17 1.00000000e+00],OTHERS,1
/home/ntlpt19/Downloads/Eval_classification/LC/PO/Purchase_Order_By_Opener_325_0,"[[0.9991436004638672, 0.0008564330055378377, 1.0784517810030758e-12], [1.0, 1.6203098993022586e-28, 1.145181550609163e-22]]",PO,[9.99571800e-01 4.28216503e-04 5.39225891e-13],PO,1
/home/ntlpt19/Downloads/Eval_classification/LC/OTHERS/Insurance_Certificate_219_page_1,"[[1.0, 5.855862461601191e-10, 1.3325416325926653e-08]]",OTHERS,[1.00000000e+00 5.85586246e-10 1.33254163e-08],PO,0
/home/ntlpt19/Downloads/Eval_classification/LC/OTHERS/Insurance_Certificate_160_page_4,"[[1.5849855117266998e-07, 1.63263513819345e-09, 0.9999998807907104], [3.935988424075276e-09, 1.5028884092771477e-07, 0.9999998807907104]]",OTHERS,[8.12172698e-08 7.59607380e-08 9.99999881e-01],OTHERS,1
/home/ntlpt19/Downloads/Eval_classification/LC/PO/Purchase_Order_By_Opener_206_0,"[[1.0, 2.1857978853014677e-18, 5.366455587877241e-16]]",PO,[1.00000000e+00 2.18579789e-18 5.36645559e-16],PO,1
/home/ntlpt19/Downloads/Eval_classification/LC/PO/Purchase_Order_By_Opener_349_1,"[[0.9998804330825806, 0.00010887571261264384, 1.0768009815365076e-05], [1.0, 5.475888340370005e-17, 4.7553182393213844e-18]]",PO,[9.99940217e-01 5.44378563e-05 5.38400491e-06],PO,1
/home/ntlpt19/Downloads/Eval_classification/LC/PO/Purchase_Order_By_Opener_269_3,"[[1.0, 1.2946255061958937e-21, 1.0738585220209054e-23]]",PO,[1.00000000e+00 1.29462551e-21 1.07385852e-23],PO,1
/home/ntlpt19/Downloads/Eval_classification/LC/OTHERS/Insurance_Certificate_140_page_3,"[[1.6064781448221765e-05, 7.332353391120705e-09, 0.9999839067459106]]",OTHERS,[1.60647814e-05 7.33235339e-09 9.99983907e-01],OTHERS,1
/home/ntlpt19/Downloads/Eval_classification/LC/OTHERS/Insurance_Certificate_284_page_5,"[[8.006051089292889e-20, 1.2881415540420935e-15, 1.0]]",OTHERS,[8.00605109e-20 1.28814155e-15 1.00000000e+00],OTHERS,1
/home/ntlpt19/Downloads/Eval_classification/LC/PI/Proforma_Invoice(2013_01_10_13_53_38_4793)_515_0,"[[2.8820511488447664e-07, 0.9999997615814209, 7.288625676312235e-14], [7.489600844894084e-15, 1.0, 5.690648477665081e-20]]",PI,[1.44102561e-07 9.99999881e-01 3.64431568e-14],PI,1
/home/ntlpt19/Downloads/Eval_classification/LC/OTHERS/Insurance_Certificate_149_page_6,"[[5.1730416825157555e-12, 1.5275535107593901e-16, 1.0]]",OTHERS,[5.17304168e-12 1.52755351e-16 1.00000000e+00],OTHERS,1
/home/ntlpt19/Downloads/Eval_classification/LC/OTHERS/Insurance_Certificate_276_page_7,"[[2.229694900934831e-11, 4.3954389870619803e-16, 1.0]]",OTHERS,[2.22969490e-11 4.39543899e-16 1.00000000e+00],OTHERS,1
/home/ntlpt19/Downloads/Eval_classification/LC/PO/Purchase_Order_By_Opener_345_0,"[[0.9987069368362427, 6.625344894928276e-08, 0.0012929663062095642], [1.0, 4.784388885070712e-09, 3.5670580640958104e-20]]",PO,[9.99353468e-01 3.55189189e-08 6.46483153e-04],PO,1
/home/ntlpt19/Downloads/Eval_classification/LC/OTHERS/Insurance_Certificate_149_page_9,"[[9.831790939653258e-16, 8.918626726028833e-09, 1.0]]",OTHERS,[9.83179094e-16 8.91862673e-09 1.00000000e+00],OTHERS,1
/home/ntlpt19/Downloads/Eval_classification/LC/PO/Purchase_Order_By_Opener_219_1,"[[1.0, 7.576127843327574e-21, 1.0753296292800068e-24], [1.0, 5.1919322239227816e-23, 6.61178541507494e-25]]",PO,[1.00000000e+00 3.81402358e-21 8.68254085e-25],PO,1
/home/ntlpt19/Downloads/Eval_classification/LC/OTHERS/Insurance_Certificate_163_page_9,"[[0.9289772510528564, 0.07090969383716583, 0.00011301484482828528]]",OTHERS,[9.28977251e-01 7.09096938e-02 1.13014845e-04],PO,0
/home/ntlpt19/Downloads/Eval_classification/LC/OTHERS/Insurance_Certificate_50_page_1,"[[0.8860470652580261, 1.2251958878550795e-06, 0.11395169794559479]]",OTHERS,[8.86047065e-01 1.22519589e-06 1.13951698e-01],PO,0
/home/ntlpt19/Downloads/Eval_classification/LC/OTHERS/Insurance_Certificate_217_page_0,"[[8.770872855854827e-15, 1.0, 1.220747669616884e-10], [5.150674279572356e-19, 1.0, 1.5241812661368496e-26]]",OTHERS,[4.38569396e-15 1.00000000e+00 6.10373835e-11],PI,0
/home/ntlpt19/Downloads/Eval_classification/LC/OTHERS/Insurance_Certificate_167_page_1,"[[6.730684987132918e-08, 2.4863983010621656e-15, 0.9999998807907104]]",OTHERS,[6.73068499e-08 2.48639830e-15 9.99999881e-01],OTHERS,1
/home/ntlpt19/Downloads/Eval_classification/LC/PO/Purchase_Order_By_Opener_349_0,"[[0.8937017321586609, 0.10629795491695404, 3.5272111631456937e-07], [0.9992969036102295, 0.000703057274222374, 6.669359549761437e-16]]",PO,[9.46499318e-01 5.35005061e-02 1.76360558e-07],PO,1
/home/ntlpt19/Downloads/Eval_classification/LC/PO/Purchase_Order_By_Opener_263_1,"[[1.0, 1.8016651674246723e-14, 2.3818475486923545e-18], [1.0, 5.041447871419296e-18, 2.405613486189395e-09]]",PO,[1.00000000e+00 9.01084656e-15 1.20280674e-09],PO,1
/home/ntlpt19/Downloads/Eval_classification/LC/PO/Purchase_Order_By_Opener_318_0,"[[0.010629589669406414, 0.9893704652786255, 9.847125781448085e-09], [1.0, 5.0471911415086165e-22, 7.744751588673109e-24]]",PO,[5.05314795e-01 4.94685233e-01 4.92356289e-09],PO,1
/home/ntlpt19/Downloads/Eval_classification/LC/OTHERS/Insurance_Certificate_52_page_7,"[[5.2711455538239655e-28, 1.064370415817493e-34, 1.0], [5.900911275328737e-18, 1.201533719564188e-20, 1.0], [3.0385635593049507e-31, 1.5732843942054343e-33, 1.0]]",OTHERS,[1.96697043e-18 4.00511240e-21 1.00000000e+00],OTHERS,1
/home/ntlpt19/Downloads/Eval_classification/LC/PI/Proforma_Invoice_23_0,"[[0.9994290471076965, 0.0005708676762878895, 1.3496670447921133e-10], [5.959465212228186e-30, 1.0, 8.785063485155129e-24]]",PI,[4.99714524e-01 5.00285434e-01 6.74833522e-11],PI,1
/home/ntlpt19/Downloads/Eval_classification/LC/PO/Purchase_Order_By_Opener_339_0,"[[2.383004903094843e-05, 0.003999633714556694, 0.9959765076637268], [1.0, 5.325724738059097e-14, 6.60251488593768e-16]]",PO,[0.50001192 0.00199982 0.49798825],PO,1
/home/ntlpt19/Downloads/Eval_classification/LC/PI/Proforma_Invoice_19_2,"[[1.0, 6.119766287693632e-14, 3.459512871457196e-21]]",PI,[1.00000000e+00 6.11976629e-14 3.45951287e-21],PO,0
/home/ntlpt19/Downloads/Eval_classification/LC/PO/Purchase_Order_By_Opener_256_0,"[[1.0, 5.865611838996404e-17, 2.040331608093443e-14]]",PO,[1.00000000e+00 5.86561184e-17 2.04033161e-14],PO,1
/home/ntlpt19/Downloads/Eval_classification/LC/PO/Purchase_Order_By_Opener_233_0,"[[9.955211568296596e-13, 0.9999994039535522, 5.439816277430509e-07], [1.0, 1.35193701382025e-19, 8.014566375205812e-30]]",PO,[5.00000000e-01 4.99999702e-01 2.71990814e-07],PO,1
/home/ntlpt19/Downloads/Eval_classification/LC/OTHERS/Insurance_Certificate_163_page_5,"[[4.690639803656138e-12, 0.9996119141578674, 0.00038809090619906783]]",OTHERS,[4.69063980e-12 9.99611914e-01 3.88090906e-04],PI,0
/home/ntlpt19/Downloads/Eval_classification/LC/OTHERS/Insurance_Certificate_162_page_6,"[[2.027050721655768e-21, 1.4053965697759676e-17, 1.0]]",OTHERS,[2.02705072e-21 1.40539657e-17 1.00000000e+00],OTHERS,1
/home/ntlpt19/Downloads/Eval_classification/LC/PO/Purchase_Order_By_Opener_261_0,"[[1.3350157132663298e-05, 0.14497128129005432, 0.8550153970718384]]",PO,[1.33501571e-05 1.44971281e-01 8.55015397e-01],OTHERS,0
/home/ntlpt19/Downloads/Eval_classification/LC/PO/Purchase_Order_By_Opener_329_5,"[[1.0, 1.6088307668913225e-41, 6.811105174363902e-26]]",PO,[1.00000000e+00 1.60883077e-41 6.81110517e-26],PO,1
/home/ntlpt19/Downloads/Eval_classification/LC/PO/Purchase_Order_By_Opener_229_1,"[[1.0, 7.749379724670476e-27, 1.808706446466558e-25], [0.04888259246945381, 8.952450298238546e-05, 0.9510278701782227]]",PO,[5.24441296e-01 4.47622515e-05 4.75513935e-01],PO,1
/home/ntlpt19/Downloads/Eval_classification/LC/PO/Purchase_Order_By_Opener_218_0,"[[1.6660797741430144e-11, 1.0375498000364004e-14, 1.0], [8.274963830476323e-13, 1.0, 8.1171997419063395e-25], [0.9999991655349731, 8.259985975200834e-07, 1.492765804088185e-14]]",PO,[0.33333306 0.33333361 0.33333333],PI,0
/home/ntlpt19/Downloads/Eval_classification/LC/PO/Purchase_Order_By_Opener_269_5,"[[1.0, 3.846876506524771e-26, 3.8546914680159076e-26]]",PO,[1.00000000e+00 3.84687651e-26 3.85469147e-26],PO,1
/home/ntlpt19/Downloads/Eval_classification/LC/OTHERS/Insurance_Certificate_260_page_2,"[[4.203895392974451e-45, 1.4357535746967187e-06, 0.9999985694885254], [2.6624670822171524e-44, 5.338583378033945e-06, 0.9999946355819702]]",OTHERS,[1.54142831e-44 3.38716848e-06 9.99996603e-01],OTHERS,1
/home/ntlpt19/Downloads/Eval_classification/LC/PI/Proforma_Invoice(2013_04_17_14_00_41_9003)_303_0,"[[1.0811866028443811e-17, 1.0, 3.165291639906087e-10], [0.5658212900161743, 0.4098110795021057, 0.024367641657590866]]",PI,[0.28291065 0.70490554 0.01218382],PI,1
/home/ntlpt19/Downloads/Eval_classification/LC/PO/Purchase_Order_By_Opener_270_0,"[[1.0, 2.965892638967785e-21, 7.444166711474773e-23], [1.0, 1.925630309345268e-17, 3.312820487951425e-22]]",PO,[1.00000000e+00 9.62963449e-18 2.02861858e-22],PO,1
/home/ntlpt19/Downloads/Eval_classification/LC/PO/Purchase_Order_By_Opener_240_2,"[[0.9924076795578003, 0.007592286914587021, 4.753306949661962e-18], [2.158376810257323e-05, 0.9999784231185913, 2.88574364398312e-20]]",PO,[4.96214632e-01 5.03785355e-01 2.39108219e-18],PI,0
/home/ntlpt19/Downloads/Eval_classification/LC/PI/Proforma_Invoice_20_0,"[[0.020427323877811432, 0.9795727133750916, 8.86182082157455e-18], [7.339477073110492e-29, 1.0, 3.6594643149134376e-39]]",PI,[1.02136619e-02 9.89786357e-01 4.43091041e-18],PI,1
/home/ntlpt19/Downloads/Eval_classification/LC/PO/Purchase_Order_By_Opener_346_0,"[[1.0433383128520426e-18, 1.0, 3.359225603846022e-14], [1.202110429292724e-14, 1.0, 1.0001396325420733e-18]]",PO,[6.01107382e-15 1.00000000e+00 1.67966281e-14],PI,0
/home/ntlpt19/Downloads/Eval_classification/LC/OTHERS/Insurance_Certificate_32_page_0,"[[3.451578803822006e-20, 1.7677238872693124e-07, 0.9999998807907104], [0.5168618559837341, 0.013707012869417667, 0.46943119168281555]]",OTHERS,[0.25843093 0.00685359 0.73471554],OTHERS,1
/home/ntlpt19/Downloads/Eval_classification/LC/OTHERS/Insurance_Certificate_288_page_1,"[[1.913108008011477e-06, 0.003908101934939623, 0.9960899949073792]]",OTHERS,[1.91310801e-06 3.90810193e-03 9.96089995e-01],OTHERS,1
/home/ntlpt19/Downloads/Eval_classification/LC/PI/Proforma_Invoice(2013_01_10_13_52_06_4463)_496_0,"[[1.0370543535032084e-08, 1.0, 1.1983315273238204e-13], [8.321896416418895e-07, 0.9999991655349731, 3.1493517214295685e-23]]",PI,[4.21280093e-07 9.99999583e-01 5.99165764e-14],PI,1
/home/ntlpt19/Downloads/Eval_classification/LC/OTHERS/Insurance_Certificate_91_page_1,"[[2.552953126677693e-10, 2.64356732906801e-16, 1.0]]",OTHERS,[2.55295313e-10 2.64356733e-16 1.00000000e+00],OTHERS,1
/home/ntlpt19/Downloads/Eval_classification/LC/PO/Purchase_Order_By_Opener_234_1,"[[1.0, 2.279925398591421e-22, 9.790642057847397e-27]]",PO,[1.00000000e+00 2.27992540e-22 9.79064206e-27],PO,1
/home/ntlpt19/Downloads/Eval_classification/LC/PO/Purchase_Order_By_Opener_329_4,"[[1.0, 2.4629493663852543e-30, 4.7894991831259513e-29]]",PO,[1.00000000e+00 2.46294937e-30 4.78949918e-29],PO,1
/home/ntlpt19/Downloads/Eval_classification/LC/PO/Purchase_Order_By_Opener_276_1,"[[1.603249651094263e-11, 5.837067419633968e-06, 0.999994158744812], [1.0, 1.6230372690902335e-14, 1.3107555337887704e-14]]",PO,[5.00000000e-01 2.91853372e-06 4.99997079e-01],PO,1
/home/ntlpt19/Downloads/Eval_classification/LC/OTHERS/Insurance_Certificate_221_page_2,"[[2.494351358101732e-16, 2.7312742076901486e-06, 0.9999972581863403]]",OTHERS,[2.49435136e-16 2.73127421e-06 9.99997258e-01],OTHERS,1
/home/ntlpt19/Downloads/Eval_classification/LC/PO/Purchase_Order_By_Opener_245_1,"[[1.0, 2.3825325753313767e-30, 1.4237425946686308e-33], [1.0, 4.507883890311602e-32, 7.099654362155984e-20]]",PO,[1.00000000e+00 1.21380571e-30 3.54982718e-20],PO,1
/home/ntlpt19/Downloads/Eval_classification/LC/PO/Purchase_Order_By_Opener_281_0,"[[1.0, 1.4705214446822995e-21, 5.491244716831481e-16], [0.022606894373893738, 1.1061678981160424e-22, 0.9773930907249451], [1.0, 1.1298151448493323e-17, 1.241007450883363e-22]]",PO,[6.74202298e-01 3.76657753e-18 3.25797697e-01],PO,1
/home/ntlpt19/Downloads/Eval_classification/LC/OTHERS/Insurance_Certificate_178_page_2,"[[3.9936237401209274e-26, 9.136303337057409e-18, 1.0]]",OTHERS,[3.99362374e-26 9.13630334e-18 1.00000000e+00],OTHERS,1
/home/ntlpt19/Downloads/Eval_classification/LC/PO/Purchase_Order_By_Opener_305_1,"[[1.0, 9.032673348585547e-21, 1.126723424987462e-27]]",PO,[1.00000000e+00 9.03267335e-21 1.12672342e-27],PO,1
/home/ntlpt19/Downloads/Eval_classification/LC/OTHERS/Insurance_Certificate_284_page_2,"[[9.033829999165188e-13, 2.746631047600978e-13, 1.0], [7.574205707072679e-10, 1.5064980513068704e-12, 1.0], [5.006287651099228e-08, 1.6194712237904696e-11, 1.0]]",OTHERS,[1.69404002e-08 5.99195780e-12 1.00000000e+00],OTHERS,1
/home/ntlpt19/Downloads/Eval_classification/LC/PO/Purchase_Order_By_Opener_348_0,"[[1.0, 7.89985955883081e-15, 3.6525448133471336e-25], [1.9781373339355923e-07, 6.462497736947626e-08, 0.9999997615814209]]",PO,[5.00000099e-01 3.23124926e-08 4.99999881e-01],PO,1
/home/ntlpt19/Downloads/Eval_classification/LC/PO/Purchase_Order_By_Opener_300_0,"[[0.0003678887733258307, 0.9996321201324463, 8.926627437233492e-09], [1.0, 4.180725505234994e-15, 4.618683412405501e-22]]",PO,[5.00183944e-01 4.99816060e-01 4.46331372e-09],PO,1
/home/ntlpt19/Downloads/Eval_classification/LC/PO/Purchase_Order_By_Opener_240_5,"[[0.9970594048500061, 0.0029405103996396065, 6.4625156260542644e-18], [0.9999997615814209, 2.5199045694535016e-07, 3.655248048684001e-10]]",PO,[9.98529583e-01 1.47038120e-03 1.82762406e-10],PO,1
/home/ntlpt19/Downloads/Eval_classification/LC/PO/Purchase_Order_By_Opener_270_1,"[[1.0, 7.115159636556092e-21, 6.275455349986287e-32]]",PO,[1.00000000e+00 7.11515964e-21 6.27545535e-32],PO,1
/home/ntlpt19/Downloads/Eval_classification/LC/PO/Purchase_Order_By_Opener_288_0,"[[1.7170260439153262e-12, 2.2700309187939638e-08, 1.0], [0.00011294447904219851, 0.9998867511749268, 2.754969159468601e-07]]",PO,[5.64722404e-05 4.99943387e-01 5.00000138e-01],OTHERS,0
/home/ntlpt19/Downloads/Eval_classification/LC/OTHERS/Insurance_Certificate_77_page_1,"[[5.686374606739264e-06, 0.9923359751701355, 0.007658369839191437]]",OTHERS,[5.68637461e-06 9.92335975e-01 7.65836984e-03],PI,0
/home/ntlpt19/Downloads/Eval_classification/LC/OTHERS/Insurance_Certificate_284_page_7,"[[7.837255838013493e-20, 1.4371704781107608e-12, 1.0]]",OTHERS,[7.83725584e-20 1.43717048e-12 1.00000000e+00],OTHERS,1
/home/ntlpt19/Downloads/Eval_classification/LC/OTHERS/Insurance_Certificate_34_page_0,"[[0.9996492862701416, 0.0003299331583548337, 2.0790523194591515e-05]]",OTHERS,[9.99649286e-01 3.29933158e-04 2.07905232e-05],PO,0
/home/ntlpt19/Downloads/Eval_classification/LC/PO/Purchase_Order_By_Opener_329_0,"[[1.0, 1.6612393294570706e-41, 2.802596928649634e-45]]",PO,[1.00000000e+00 1.66123933e-41 2.80259693e-45],PO,1
/home/ntlpt19/Downloads/Eval_classification/LC/PI/Proforma_Invoice_8_0,"[[0.8370068073272705, 0.1629837602376938, 9.420816240890417e-06], [1.0, 1.4573504028978098e-43, 1.8478011256195652e-34]]",PI,[9.18503404e-01 8.14918801e-02 4.71040812e-06],PO,0
/home/ntlpt19/Downloads/Eval_classification/LC/OTHERS/Insurance_Certificate_117_page_1,"[[8.972759678727016e-05, 0.00044794537825509906, 0.9994623064994812]]",OTHERS,[8.97275968e-05 4.47945378e-04 9.99462306e-01],OTHERS,1
/home/ntlpt19/Downloads/Eval_classification/LC/PO/Purchase_Order_By_Opener_257_0,"[[0.9781137704849243, 0.021886160597205162, 1.3089265782362247e-10]]",PO,[9.78113770e-01 2.18861606e-02 1.30892658e-10],PO,1
/home/ntlpt19/Downloads/Eval_classification/LC/OTHERS/Insurance_Certificate_167_page_3,"[[6.503613619868176e-12, 1.263926216156985e-14, 1.0]]",OTHERS,[6.50361362e-12 1.26392622e-14 1.00000000e+00],OTHERS,1
/home/ntlpt19/Downloads/Eval_classification/LC/OTHERS/Insurance_Certificate_38_page_1,"[[2.0150441329613915e-16, 8.465474155006092e-11, 1.0]]",OTHERS,[2.01504413e-16 8.46547416e-11 1.00000000e+00],OTHERS,1
/home/ntlpt19/Downloads/Eval_classification/LC/PO/Purchase_Order_By_Opener_315_2,"[[0.9999997615814209, 1.9076883006619028e-07, 3.5603952511925607e-13]]",PO,[9.99999762e-01 1.90768830e-07 3.56039525e-13],PO,1
/home/ntlpt19/Downloads/Eval_classification/LC/OTHERS/Insurance_Certificate_37_page_3,"[[0.9999997615814209, 2.68551227711097e-25, 2.1902853575284098e-07]]",OTHERS,[9.99999762e-01 2.68551228e-25 2.19028536e-07],PO,0
/home/ntlpt19/Downloads/Eval_classification/LC/OTHERS/Insurance_Certificate_142_page_3,"[[0.3418639302253723, 0.6581360101699829, 5.911626033139328e-08]]",OTHERS,[3.41863930e-01 6.58136010e-01 5.91162603e-08],PI,0
/home/ntlpt19/Downloads/Eval_classification/LC/OTHERS/Insurance_Certificate_220_page_1,"[[2.7901634128135733e-11, 0.0005378472269512713, 0.9994621872901917]]",OTHERS,[2.79016341e-11 5.37847227e-04 9.99462187e-01],OTHERS,1
/home/ntlpt19/Downloads/Eval_classification/LC/OTHERS/Insurance_Certificate_35_page_1,"[[1.207009969403372e-12, 2.750699668041534e-09, 1.0]]",OTHERS,[1.20700997e-12 2.75069967e-09 1.00000000e+00],OTHERS,1
/home/ntlpt19/Downloads/Eval_classification/LC/PI/Proforma_Invoice(2013_01_10_13_52_39_0207)_499_0,"[[1.97753088286845e-05, 0.999980092048645, 1.0642055769949366e-07], [1.9173631023439435e-16, 1.0, 9.099897399112292e-23]]",PI,[9.88765441e-06 9.99990046e-01 5.32102788e-08],PI,1
/home/ntlpt19/Downloads/Eval_classification/LC/PI/Proforma_Invoice_27_0,"[[6.032567034708336e-05, 0.9999396800994873, 5.4944709806242775e-14], [0.27856868505477905, 0.7214312553405762, 6.872631352905501e-10]]",PI,[1.39314505e-01 8.60685468e-01 3.43659040e-10],PI,1
/home/ntlpt19/Downloads/Eval_classification/LC/PI/Proforma_Invoice_32_0,"[[1.2488118898653812e-19, 1.0, 6.389065553035633e-29]]",PI,[1.24881189e-19 1.00000000e+00 6.38906555e-29],PI,1
/home/ntlpt19/Downloads/Eval_classification/LC/PO/Purchase_Order_By_Opener_292_0,"[[1.0, 3.403410396542424e-21, 2.863707560542643e-21]]",PO,[1.00000000e+00 3.40341040e-21 2.86370756e-21],PO,1
/home/ntlpt19/Downloads/Eval_classification/LC/PO/Purchase_Order_By_Opener_253_0,"[[1.0, 1.990604035170011e-23, 2.1856338012234397e-23], [9.32428006333863e-12, 7.315877563785779e-16, 1.0]]",PO,[5.00000000e-01 3.65793888e-16 5.00000000e-01],PO,1
/home/ntlpt19/Downloads/Eval_classification/LC/PO/Purchase_Order_By_Opener_269_9,"[[1.0, 2.613921303573337e-34, 5.468540191600205e-32]]",PO,[1.00000000e+00 2.61392130e-34 5.46854019e-32],PO,1
/home/ntlpt19/Downloads/Eval_classification/LC/OTHERS/Insurance_Certificate_66_page_1,"[[0.22532358765602112, 0.07276514172554016, 0.7019113302230835]]",OTHERS,[0.22532359 0.07276514 0.70191133],OTHERS,1
/home/ntlpt19/Downloads/Eval_classification/LC/PO/Purchase_Order_By_Opener_315_1,"[[0.9999990463256836, 1.8959899622528198e-11, 9.836385288508609e-07], [0.00019070810230914503, 0.6063336730003357, 0.3934756815433502]]",PO,[0.50009488 0.30316684 0.19673833],PO,1
/home/ntlpt19/Downloads/Eval_classification/LC/PO/Purchase_Order_By_Opener_242_0,"[[0.9999911785125732, 7.483021136067691e-08, 8.711050213605631e-06], [1.5997552241242552e-11, 1.0, 6.653566620459881e-15]]",PO,[4.99995589e-01 5.00000037e-01 4.35552511e-06],PI,0
/home/ntlpt19/Downloads/Eval_classification/LC/PO/Purchase_Order_By_Opener_265_0,"[[3.675691914395429e-05, 0.9999632835388184, 2.1799177782130807e-22]]",PO,[3.67569191e-05 9.99963284e-01 2.17991778e-22],PI,0
/home/ntlpt19/Downloads/Eval_classification/LC/PO/Purchase_Order_By_Opener_328_0,"[[1.0, 1.495978368281113e-19, 1.1801139838774685e-23]]",PO,[1.00000000e+00 1.49597837e-19 1.18011398e-23],PO,1
/home/ntlpt19/Downloads/Eval_classification/LC/OTHERS/Insurance_Certificate_106_page_1,"[[3.6545665693665796e-07, 1.5609070824750567e-21, 0.9999996423721313]]",OTHERS,[3.65456657e-07 1.56090708e-21 9.99999642e-01],OTHERS,1
/home/ntlpt19/Downloads/Eval_classification/LC/OTHERS/Insurance_Certificate_141_page_1,"[[0.8876227140426636, 0.11099755764007568, 0.0013797094579786062]]",OTHERS,[0.88762271 0.11099756 0.00137971],PO,0
/home/ntlpt19/Downloads/Eval_classification/LC/OTHERS/Insurance_Certificate_96_page_3,"[[0.9337976574897766, 0.066154845058918, 4.752467430080287e-05]]",OTHERS,[9.33797657e-01 6.61548451e-02 4.75246743e-05],PO,0
/home/ntlpt19/Downloads/Eval_classification/LC/PO/Purchase_Order_By_Opener_290_1,"[[0.0003961122711189091, 1.6151209365489194e-06, 0.9996022582054138], [1.0, 1.1327338303957548e-22, 1.9782866426667544e-24]]",PO,[5.00198056e-01 8.07560468e-07 4.99801129e-01],PO,1
/home/ntlpt19/Downloads/Eval_classification/LC/PI/Proforma_Invoice(2013_01_10_13_55_32_9751)_519_0,"[[2.2158385870639437e-16, 1.0, 2.839820392730452e-12]]",PI,[2.21583859e-16 1.00000000e+00 2.83982039e-12],PI,1
/home/ntlpt19/Downloads/Eval_classification/LC/PO/Purchase_Order_By_Opener_269_11,"[[1.0, 6.862249493352502e-33, 4.429950170746279e-37]]",PO,[1.00000000e+00 6.86224949e-33 4.42995017e-37],PO,1
/home/ntlpt19/Downloads/Eval_classification/LC/PI/Proforma_Invoice(2013_01_10_13_53_18_2898)_502_0,"[[0.9999960660934448, 7.542773801105795e-07, 3.196387751813745e-06], [3.7859855694932776e-08, 1.0, 4.938985058573189e-16]]",PI,[4.99998052e-01 5.00000377e-01 1.59819388e-06],PI,1
/home/ntlpt19/Downloads/Eval_classification/LC/PO/Purchase_Order_By_Opener_262_0,"[[0.0008923200075514615, 0.9991076588630676, 2.8776692140297655e-10]]",PO,[8.92320008e-04 9.99107659e-01 2.87766921e-10],PI,0
/home/ntlpt19/Downloads/Eval_classification/LC/OTHERS/Insurance_Certificate_45_page_2,"[[2.0912559193675406e-05, 0.9999791383743286, 8.443438548159932e-13]]",OTHERS,[2.09125592e-05 9.99979138e-01 8.44343855e-13],PI,0
/home/ntlpt19/Downloads/Eval_classification/LC/OTHERS/Insurance_Certificate_38_page_3,"[[7.116019081089943e-16, 5.783140633042194e-09, 1.0]]",OTHERS,[7.11601908e-16 5.78314063e-09 1.00000000e+00],OTHERS,1
/home/ntlpt19/Downloads/Eval_classification/LC/PO/Purchase_Order_By_Opener_252_0,"[[1.0, 1.7995454910558878e-26, 2.7523798284502575e-16], [1.0, 1.960013751070419e-21, 9.275608410427158e-19]]",PO,[1.00000000e+00 9.80015873e-22 1.38082772e-16],PO,1
/home/ntlpt19/Downloads/Eval_classification/LC/PI/Proforma_Invoice(2013_01_10_13_53_01_7838)_501_0,"[[1.049985166901024e-05, 0.9999895095825195, 5.0720411334498726e-20], [5.594764651561945e-10, 0.9992757439613342, 0.0007242843857966363]]",PI,[5.25020557e-06 9.99632627e-01 3.62142193e-04],PI,1
/home/ntlpt19/Downloads/Eval_classification/LC/OTHERS/Insurance_Certificate_106_page_3,"[[0.3936363160610199, 1.0781964513914555e-12, 0.6063637137413025]]",OTHERS,[3.93636316e-01 1.07819645e-12 6.06363714e-01],OTHERS,1
/home/ntlpt19/Downloads/Eval_classification/LC/PO/Purchase_Order_By_Opener_305_0,"[[0.6221715211868286, 0.3778284788131714, 2.0702450592675215e-21]]",PO,[6.22171521e-01 3.77828479e-01 2.07024506e-21],PO,1
/home/ntlpt19/Downloads/Eval_classification/LC/PO/Purchase_Order_By_Opener_271_0,"[[1.0, 2.8998610550584197e-40, 1.723814123275707e-32]]",PO,[1.00000000e+00 2.89986106e-40 1.72381412e-32],PO,1
/home/ntlpt19/Downloads/Eval_classification/LC/OTHERS/Insurance_Certificate_166_page_0,"[[2.069598034391856e-18, 7.302556996602316e-14, 1.0]]",OTHERS,[2.06959803e-18 7.30255700e-14 1.00000000e+00],OTHERS,1
/home/ntlpt19/Downloads/Eval_classification/LC/OTHERS/Insurance_Certificate_52_page_11,"[[6.241436322102889e-24, 9.973743946260664e-25, 1.0]]",OTHERS,[6.24143632e-24 9.97374395e-25 1.00000000e+00],OTHERS,1
/home/ntlpt19/Downloads/Eval_classification/LC/PO/Purchase_Order_By_Opener_208_0,"[[1.0, 3.495306469268636e-26, 3.0993448457029187e-31], [0.9068522453308105, 0.08286608755588531, 0.010281706228852272]]",PO,[0.95342612 0.04143304 0.00514085],PO,1
/home/ntlpt19/Downloads/Eval_classification/LC/PO/Purchase_Order_By_Opener_344_0,"[[1.0, 2.045610287766307e-19, 1.444696935551703e-25]]",PO,[1.00000000e+00 2.04561029e-19 1.44469694e-25],PO,1
/home/ntlpt19/Downloads/Eval_classification/LC/PO/Purchase_Order_By_Opener_246_2,"[[1.0, 3.290194505733979e-11, 2.307485037327797e-16]]",PO,[1.00000000e+00 3.29019451e-11 2.30748504e-16],PO,1
/home/ntlpt19/Downloads/Eval_classification/LC/PI/Proforma_Invoice_3_0,"[[6.015642151080414e-11, 1.0, 3.467238948818359e-15]]",PI,[6.01564215e-11 1.00000000e+00 3.46723895e-15],PI,1
/home/ntlpt19/Downloads/Eval_classification/LC/PO/Purchase_Order_By_Opener_272_0,"[[4.844187060371041e-06, 0.9999951124191284, 3.1717728443680926e-10], [6.404344285795838e-13, 1.0, 2.0406347297388312e-22]]",PO,[2.42209385e-06 9.99997556e-01 1.58588642e-10],PI,0
/home/ntlpt19/Downloads/Eval_classification/LC/OTHERS/Insurance_Certificate_30_page_1,"[[6.3991558718612396e-09, 2.873018527726687e-14, 1.0]]",OTHERS,[6.39915587e-09 2.87301853e-14 1.00000000e+00],OTHERS,1
/home/ntlpt19/Downloads/Eval_classification/LC/PI/Proforma_Invoice_13_0,"[[0.9904065728187561, 0.009593459777534008, 5.1151347320104024e-27]]",PI,[9.90406573e-01 9.59345978e-03 5.11513473e-27],PO,0
/home/ntlpt19/Downloads/Eval_classification/LC/PI/Proforma_Invoice(2013_01_10_13_51_32_1661)_490_0,"[[1.965240414847358e-09, 1.0, 2.7360735516360325e-21]]",PI,[1.96524041e-09 1.00000000e+00 2.73607355e-21],PI,1
/home/ntlpt19/Downloads/Eval_classification/LC/PI/Proforma_Invoice(2013_01_10_13_52_45_9323)_546_0,"[[1.8740775482173214e-15, 1.0, 3.9963312785778035e-21], [1.1979531810979438e-09, 0.0939066931605339, 0.9060932993888855]]",PI,[5.98977528e-10 5.46953347e-01 4.53046650e-01],PI,1
/home/ntlpt19/Downloads/Eval_classification/LC/PO/Purchase_Order_By_Opener_293_0,"[[1.0, 1.0642567799653196e-19, 1.4355391232587022e-25]]",PO,[1.00000000e+00 1.06425678e-19 1.43553912e-25],PO,1
/home/ntlpt19/Downloads/Eval_classification/LC/PO/Purchase_Order_By_Opener_340_0,"[[0.9999958276748657, 4.215574790578103e-06, 4.4843581625819695e-10]]",PO,[9.99995828e-01 4.21557479e-06 4.48435816e-10],PO,1
/home/ntlpt19/Downloads/Eval_classification/LC/PO/Purchase_Order_By_Opener_325_1,"[[1.0, 3.2816125328628895e-31, 1.1435320108352379e-36]]",PO,[1.00000000e+00 3.28161253e-31 1.14353201e-36],PO,1
/home/ntlpt19/Downloads/Eval_classification/LC/OTHERS/Insurance_Certificate_89_page_8,"[[8.088896772108999e-16, 2.99687308142893e-05, 0.9999700784683228]]",OTHERS,[8.08889677e-16 2.99687308e-05 9.99970078e-01],OTHERS,1
/home/ntlpt19/Downloads/Eval_classification/LC/PI/Proforma_Invoice(2013_01_10_13_51_47_2086)_495_0,"[[2.2368229349771074e-17, 1.0, 9.678280531552726e-26], [0.024513399228453636, 0.15557757019996643, 0.8199090361595154]]",PI,[0.0122567 0.57778879 0.40995452],PI,1
/home/ntlpt19/Downloads/Eval_classification/LC/OTHERS/Insurance_Certificate_52_page_9,"[[1.0798154000428465e-22, 7.213018980430236e-22, 1.0]]",OTHERS,[1.07981540e-22 7.21301898e-22 1.00000000e+00],OTHERS,1
/home/ntlpt19/Downloads/Eval_classification/LC/PO/Purchase_Order_By_Opener_329_3,"[[1.0, 6.735238247101115e-36, 2.1620353746374738e-40]]",PO,[1.00000000e+00 6.73523825e-36 2.16203537e-40],PO,1
/home/ntlpt19/Downloads/Eval_classification/LC/PI/Proforma_Invoice(2013_04_16_16_37_06_4995)_283_0,"[[3.065973395440869e-15, 1.0, 1.802849967829098e-19], [8.338038735671339e-20, 1.0, 1.0676874129196739e-29], [1.1083877325290814e-05, 0.00012352246267255396, 0.9998654127120972]]",PI,[3.69462578e-06 6.66707841e-01 3.33288471e-01],PI,1
/home/ntlpt19/Downloads/Eval_classification/LC/OTHERS/Insurance_Certificate_58_page_1,"[[0.009234500117599964, 5.518440104879119e-08, 0.9907654523849487]]",OTHERS,[9.23450012e-03 5.51844010e-08 9.90765452e-01],OTHERS,1
/home/ntlpt19/Downloads/Eval_classification/LC/PI/Proforma_Invoice(2013_01_10_13_51_25_9844)_494_0,"[[3.2786458010330977e-13, 1.0, 1.433683944276752e-25], [0.009318181313574314, 0.9905823469161987, 9.94042056845501e-05]]",PI,[4.65909066e-03 9.95291173e-01 4.97021028e-05],PI,1
/home/ntlpt19/Downloads/Eval_classification/LC/PO/Purchase_Order_By_Opener_269_12,"[[1.0, 1.533731455378917e-23, 2.5680777194165814e-29]]",PO,[1.00000000e+00 1.53373146e-23 2.56807772e-29],PO,1
/home/ntlpt19/Downloads/Eval_classification/LC/OTHERS/Insurance_Certificate_59_page_3,"[[3.718772177307983e-06, 0.001274098176509142, 0.9987221360206604]]",OTHERS,[3.71877218e-06 1.27409818e-03 9.98722136e-01],OTHERS,1
/home/ntlpt19/Downloads/Eval_classification/LC/PO/Purchase_Order_By_Opener_227_1,"[[1.0, 1.3056934810759387e-24, 6.0282094354792104e-33]]",PO,[1.00000000e+00 1.30569348e-24 6.02820944e-33],PO,1
/home/ntlpt19/Downloads/Eval_classification/LC/OTHERS/Insurance_Certificate_52_page_10,"[[2.695896077990062e-13, 7.303456328600078e-08, 0.9999998807907104]]",OTHERS,[2.69589608e-13 7.30345633e-08 9.99999881e-01],OTHERS,1
