Image Name,Ground Truth,Predicted,Confidence Score,correct_incorrect
/home/ntlpt19/Downloads/Eval_classification/LC/PO/Purchase_Order_By_Opener_226_0.png,PO,PO,1.0,1
/home/ntlpt19/Downloads/Eval_classification/LC/PO/Purchase_Order_By_Opener_352_1.png,PO,PO,0.9953578114509584,1
/home/ntlpt19/Downloads/Eval_classification/LC/OTHERS/Insurance_Certificate_163_page_3.png,OTHERS,OTHERS,1.0,1
/home/ntlpt19/Downloads/Eval_classification/LC/OTHERS/Insurance_Certificate_150_page_1.png,OTHERS,OTHERS,1.0,1
/home/ntlpt19/Downloads/Eval_classification/LC/PO/Purchase_Order_By_Opener_240_6.png,PO,PO,1.0,1
/home/ntlpt19/Downloads/Eval_classification/LC/PO/Purchase_Order_By_Opener_325_3.png,PO,PO,1.0,1
/home/ntlpt19/Downloads/Eval_classification/LC/PO/Purchase_Order_By_Opener_254_0.png,PO,PO,0.9960743188858032,1
/home/ntlpt19/Downloads/Eval_classification/LC/PO/Purchase_Order_By_Opener_269_14.png,PO,PO,0.990325093269348,1
/home/ntlpt19/Downloads/Eval_classification/LC/PO/Purchase_Order_By_Opener_254_1.png,PO,PO,1.0,1
/home/ntlpt19/Downloads/Eval_classification/LC/PO/Purchase_Order_By_Opener_218_3.png,PO,PO,0.995676815509796,1
/home/ntlpt19/Downloads/Eval_classification/LC/OTHERS/Insurance_Certificate_78_page_3.png,OTHERS,OTHERS,0.9999587535858154,1
/home/ntlpt19/Downloads/Eval_classification/LC/OTHERS/Insurance_Certificate_47_page_1.png,OTHERS,OTHERS,1.0,1
/home/ntlpt19/Downloads/Eval_classification/LC/PO/Purchase_Order_By_Opener_291_0.png,PO,PO,0.8667130470275879,1
/home/ntlpt19/Downloads/Eval_classification/LC/PO/Purchase_Order_By_Opener_353_0.png,PO,PO,1.0,1
/home/ntlpt19/Downloads/Eval_classification/LC/OTHERS/Insurance_Certificate_71_page_0.png,OTHERS,OTHERS,1.0,1
/home/ntlpt19/Downloads/Eval_classification/LC/PO/Purchase_Order_By_Opener_325_2.png,PO,PO,1.0,1
/home/ntlpt19/Downloads/Eval_classification/LC/PO/Purchase_Order_By_Opener_269_8.png,PO,PO,0.993923842906952,1
/home/ntlpt19/Downloads/Eval_classification/LC/PO/Purchase_Order_By_Opener_243_0.png,PO,PO,0.999970555305481,1
/home/ntlpt19/Downloads/Eval_classification/LC/OTHERS/Insurance_Certificate_163_page_7.png,OTHERS,OTHERS,1.0,1
/home/ntlpt19/Downloads/Eval_classification/LC/PI/Proforma_Invoice(2013_01_10_13_53_48_7045)_503_0.png,PI,PI,0.9999997615814208,1
/home/ntlpt19/Downloads/Eval_classification/LC/PI/Proforma_Invoice(2013_01_10_13_52_54_0394)_500_0.png,PI,OTHERS,1.0,0
/home/ntlpt19/Downloads/Eval_classification/LC/OTHERS/Insurance_Certificate_276_page_5.png,OTHERS,OTHERS,1.0,1
/home/ntlpt19/Downloads/Eval_classification/LC/PI/Proforma_Invoice(2012_08_21_17_37_37_7580)_82_0.png,PI,PI,1.0,1
/home/ntlpt19/Downloads/Eval_classification/LC/PO/Purchase_Order_By_Opener_240_4.png,PO,PO,1.0,1
/home/ntlpt19/Downloads/Eval_classification/LC/OTHERS/Insurance_Certificate_284_page_3.png,OTHERS,OTHERS,1.0,1
/home/ntlpt19/Downloads/Eval_classification/LC/OTHERS/Insurance_Certificate_171_page_2.png,OTHERS,OTHERS,0.9999935626983644,1
/home/ntlpt19/Downloads/Eval_classification/LC/PO/Purchase_Order_By_Opener_259_0.png,PO,PO,1.0,1
/home/ntlpt19/Downloads/Eval_classification/LC/OTHERS/Insurance_Certificate_273_page_1.png,OTHERS,OTHERS,1.0,1
/home/ntlpt19/Downloads/Eval_classification/LC/PI/Proforma_Invoice(2013_01_10_13_52_31_4878)_498_0.png,PI,PI,1.0,1
/home/ntlpt19/Downloads/Eval_classification/LC/OTHERS/Insurance_Certificate_149_page_8.png,OTHERS,OTHERS,1.0,1
/home/ntlpt19/Downloads/Eval_classification/LC/PO/Purchase_Order_By_Opener_329_2.png,PO,PO,1.0,1
/home/ntlpt19/Downloads/Eval_classification/LC/OTHERS/Insurance_Certificate_284_page_4.png,OTHERS,PO,1.0,0
/home/ntlpt19/Downloads/Eval_classification/LC/PO/Purchase_Order_By_Opener_269_13.png,PO,PO,0.9997633099555968,1
/home/ntlpt19/Downloads/Eval_classification/LC/PO/Purchase_Order_By_Opener_290_0.png,PO,PO,0.999990940093994,1
/home/ntlpt19/Downloads/Eval_classification/LC/PO/Purchase_Order_By_Opener_282_0.png,PO,PO,1.0,1
/home/ntlpt19/Downloads/Eval_classification/LC/PI/Proforma_Invoice_33_0.png,PI,PI,1.0,1
/home/ntlpt19/Downloads/Eval_classification/LC/PO/Purchase_Order_By_Opener_224_0.png,PO,PO,1.0,1
/home/ntlpt19/Downloads/Eval_classification/LC/OTHERS/Insurance_Certificate_276_page_1.png,OTHERS,OTHERS,0.9999994039535522,1
/home/ntlpt19/Downloads/Eval_classification/LC/PO/Purchase_Order_By_Opener_193_0.png,PO,OTHERS,0.9999446868896484,0
/home/ntlpt19/Downloads/Eval_classification/LC/PO/Purchase_Order_By_Opener_201_1.png,PO,PO,0.9999998807907104,1
/home/ntlpt19/Downloads/Eval_classification/LC/PO/Purchase_Order_By_Opener_354_0.png,PO,PI,0.8612147569656372,0
/home/ntlpt19/Downloads/Eval_classification/LC/OTHERS/Insurance_Certificate_232_page_1.png,OTHERS,OTHERS,0.999987244606018,1
/home/ntlpt19/Downloads/Eval_classification/LC/OTHERS/Insurance_Certificate_57_page_2.png,OTHERS,OTHERS,1.0,1
/home/ntlpt19/Downloads/Eval_classification/LC/PO/Purchase_Order_By_Opener_255_0.png,PO,PO,1.0,1
/home/ntlpt19/Downloads/Eval_classification/LC/PO/Purchase_Order_By_Opener_350_0.png,PO,PO,0.970882773399353,1
/home/ntlpt19/Downloads/Eval_classification/LC/OTHERS/Insurance_Certificate_48_page_1.png,OTHERS,OTHERS,0.9990851879119872,1
/home/ntlpt19/Downloads/Eval_classification/LC/PO/Purchase_Order_By_Opener_324_0.png,PO,OTHERS,1.0,0
/home/ntlpt19/Downloads/Eval_classification/LC/OTHERS/Insurance_Certificate_261_page_5.png,OTHERS,OTHERS,1.0,1
/home/ntlpt19/Downloads/Eval_classification/LC/OTHERS/Insurance_Certificate_78_page_1.png,OTHERS,PO,0.9974008798599244,0
/home/ntlpt19/Downloads/Eval_classification/LC/PO/Purchase_Order_By_Opener_248_2.png,PO,OTHERS,0.9999948740005492,0
/home/ntlpt19/Downloads/Eval_classification/LC/PO/Purchase_Order_By_Opener_202_0.png,PO,PO,0.9978997707366944,1
/home/ntlpt19/Downloads/Eval_classification/LC/PO/Purchase_Order_By_Opener_320_0.png,PO,PO,1.0,1
/home/ntlpt19/Downloads/Eval_classification/LC/PI/Proforma_Invoice(2013_01_10_14_27_36_1131)_541_1.png,PI,OTHERS,1.0,0
/home/ntlpt19/Downloads/Eval_classification/LC/PI/Proforma_Invoice(2013_01_10_13_53_55_9320)_516_0.png,PI,OTHERS,0.9899128079414368,0
/home/ntlpt19/Downloads/Eval_classification/LC/PO/Purchase_Order_By_Opener_223_0.png,PO,PO,1.0,1
/home/ntlpt19/Downloads/Eval_classification/LC/OTHERS/Insurance_Certificate(2012_08_24_15_15_12_4817)_28_page_0.png,OTHERS,OTHERS,1.0,1
/home/ntlpt19/Downloads/Eval_classification/LC/PI/Proforma_Invoice(2013_01_10_13_54_44_8582)_506_0.png,PI,OTHERS,0.9907875657081604,0
/home/ntlpt19/Downloads/Eval_classification/LC/OTHERS/Insurance_Certificate_260_page_3.png,OTHERS,OTHERS,0.928612470626831,1
/home/ntlpt19/Downloads/Eval_classification/LC/OTHERS/Insurance_Certificate_163_page_1.png,OTHERS,OTHERS,1.0,1
/home/ntlpt19/Downloads/Eval_classification/LC/PO/Purchase_Order_By_Opener_279_0.png,PO,PO,1.0,1
/home/ntlpt19/Downloads/Eval_classification/LC/OTHERS/Insurance_Certificate_276_page_2.png,OTHERS,PO,1.0,0
/home/ntlpt19/Downloads/Eval_classification/LC/PI/Proforma_Invoice_29_0.png,PI,PI,0.9999964237213136,1
/home/ntlpt19/Downloads/Eval_classification/LC/PI/Proforma_Invoice(2013_01_10_13_54_21_8709)_547_0.png,PI,PI,1.0,1
/home/ntlpt19/Downloads/Eval_classification/LC/OTHERS/Insurance_Certificate_142_page_1.png,OTHERS,OTHERS,1.0,1
/home/ntlpt19/Downloads/Eval_classification/LC/PO/Purchase_Order_By_Opener_345_4.png,PO,OTHERS,0.9966517090797424,0
/home/ntlpt19/Downloads/Eval_classification/LC/PI/Proforma_Invoice(2013_01_10_13_55_07_1508)_518_0.png,PI,OTHERS,1.0,0
/home/ntlpt19/Downloads/Eval_classification/LC/OTHERS/Insurance_Certificate_273_page_7.png,OTHERS,OTHERS,0.6310708522796631,1
/home/ntlpt19/Downloads/Eval_classification/LC/PO/Purchase_Order_By_Opener_234_0.png,PO,PO,1.0,1
/home/ntlpt19/Downloads/Eval_classification/LC/OTHERS/Insurance_Certificate_164_page_1.png,OTHERS,OTHERS,0.9999431371688844,1
/home/ntlpt19/Downloads/Eval_classification/LC/PO/Purchase_Order_By_Opener_222_0.png,PO,PO,1.0,1
/home/ntlpt19/Downloads/Eval_classification/LC/PO/Purchase_Order_By_Opener_269_10.png,PO,PO,1.0,1
/home/ntlpt19/Downloads/Eval_classification/LC/OTHERS/Insurance_Certificate_172_page_1.png,OTHERS,OTHERS,1.0,1
/home/ntlpt19/Downloads/Eval_classification/LC/PI/Proforma_Invoice_19_1.png,PI,OTHERS,0.9999945163726808,0
/home/ntlpt19/Downloads/Eval_classification/LC/PO/Purchase_Order_By_Opener_352_0.png,PO,OTHERS,0.8132880926132202,0
/home/ntlpt19/Downloads/Eval_classification/LC/PO/Purchase_Order_By_Opener_318_1.png,PO,OTHERS,0.9761541485786438,0
/home/ntlpt19/Downloads/Eval_classification/LC/PO/Purchase_Order_By_Opener_212_0.png,PO,PO,1.0,1
/home/ntlpt19/Downloads/Eval_classification/LC/OTHERS/Insurance_Certificate_91_page_2.png,OTHERS,OTHERS,1.0,1
/home/ntlpt19/Downloads/Eval_classification/LC/PI/Proforma_Invoice(2013_01_10_13_51_53_1233)_512_0.png,PI,PI,0.9997097849845886,1
/home/ntlpt19/Downloads/Eval_classification/LC/OTHERS/Insurance_Certificate_149_page_6.png,OTHERS,OTHERS,1.0,1
/home/ntlpt19/Downloads/Eval_classification/LC/PI/Proforma_Invoice(2013_01_10_13_55_32_9751)_519_0.png,PI,OTHERS,0.9994379878044128,0
/home/ntlpt19/Downloads/Eval_classification/LC/PO/Purchase_Order_By_Opener_269_0.png,PO,PO,1.0,1
/home/ntlpt19/Downloads/Eval_classification/LC/PI/Proforma_Invoice_32_0.png,PI,PI,1.0,1
/home/ntlpt19/Downloads/Eval_classification/LC/PI/Proforma_Invoice_19_0.png,PI,PI,0.9999626874923706,1
/home/ntlpt19/Downloads/Eval_classification/LC/PI/Proforma_Invoice(2013_01_10_13_54_59_7183)_522_0.png,PI,PI,0.8850904107093811,1
/home/ntlpt19/Downloads/Eval_classification/LC/OTHERS/Insurance_Certificate_276_page_4.png,OTHERS,OTHERS,1.0,1
/home/ntlpt19/Downloads/Eval_classification/LC/PI/Proforma_Invoice(2013_01_10_13_54_51_9272)_507_0.png,PI,OTHERS,0.9999997615814208,0
/home/ntlpt19/Downloads/Eval_classification/LC/OTHERS/Insurance_Certificate_273_page_3.png,OTHERS,OTHERS,0.9999974966049194,1
/home/ntlpt19/Downloads/Eval_classification/LC/PO/Purchase_Order_By_Opener_340_0.png,PO,PO,1.0,1
/home/ntlpt19/Downloads/Eval_classification/LC/PO/Purchase_Order_By_Opener_194_0.png,PO,PO,1.0,1
/home/ntlpt19/Downloads/Eval_classification/LC/PO/Purchase_Order_By_Opener_242_0.png,PO,PO,1.0,1
/home/ntlpt19/Downloads/Eval_classification/LC/PO/Purchase_Order_By_Opener_338_0.png,PO,PO,0.9999997615814208,1
/home/ntlpt19/Downloads/Eval_classification/LC/PO/Purchase_Order_By_Opener_307_0.png,PO,PO,1.0,1
/home/ntlpt19/Downloads/Eval_classification/LC/OTHERS/Insurance_Certificate_57_page_5.png,OTHERS,PO,0.8353964686393738,0
/home/ntlpt19/Downloads/Eval_classification/LC/OTHERS/Insurance_Certificate_159_page_0.png,OTHERS,OTHERS,1.0,1
/home/ntlpt19/Downloads/Eval_classification/LC/PO/Purchase_Order_By_Opener_263_1.png,PO,PO,1.0,1
/home/ntlpt19/Downloads/Eval_classification/LC/PO/Purchase_Order_By_Opener_329_5.png,PO,OTHERS,0.8864477276802063,0
/home/ntlpt19/Downloads/Eval_classification/LC/OTHERS/Insurance_Certificate_220_page_1.png,OTHERS,OTHERS,1.0,1
/home/ntlpt19/Downloads/Eval_classification/LC/PO/Purchase_Order_By_Opener_315_0.png,PO,OTHERS,0.9747134447097778,0
/home/ntlpt19/Downloads/Eval_classification/LC/OTHERS/Insurance_Certificate_153_page_1.png,OTHERS,OTHERS,1.0,1
/home/ntlpt19/Downloads/Eval_classification/LC/PI/Proforma_Invoice(2013_01_10_13_53_38_4793)_515_0.png,PI,PI,0.8425812125205994,1
/home/ntlpt19/Downloads/Eval_classification/LC/OTHERS/Insurance_Certificate_58_page_1.png,OTHERS,OTHERS,1.0,1
/home/ntlpt19/Downloads/Eval_classification/LC/OTHERS/Insurance_Certificate_52_page_10.png,OTHERS,OTHERS,0.9999628067016602,1
/home/ntlpt19/Downloads/Eval_classification/LC/PO/Purchase_Order_By_Opener_300_0.png,PO,PO,1.0,1
/home/ntlpt19/Downloads/Eval_classification/LC/OTHERS/Insurance_Certificate_37_page_3.png,OTHERS,PO,0.9824814200401306,0
/home/ntlpt19/Downloads/Eval_classification/LC/PO/Purchase_Order_By_Opener_203_0.png,PO,PO,1.0,1
/home/ntlpt19/Downloads/Eval_classification/LC/PO/Purchase_Order_By_Opener_282_1.png,PO,PO,1.0,1
/home/ntlpt19/Downloads/Eval_classification/LC/PO/Purchase_Order_By_Opener_269_7.png,PO,PO,0.9990585446357728,1
/home/ntlpt19/Downloads/Eval_classification/LC/PI/Proforma_Invoice(2013_01_10_13_52_13_8713)_497_0.png,PI,OTHERS,1.0,0
/home/ntlpt19/Downloads/Eval_classification/LC/OTHERS/Insurance_Certificate_267_page_1.png,OTHERS,OTHERS,1.0,1
/home/ntlpt19/Downloads/Eval_classification/LC/OTHERS/Insurance_Certificate_276_page_6.png,OTHERS,OTHERS,1.0,1
/home/ntlpt19/Downloads/Eval_classification/LC/PO/Purchase_Order_By_Opener_246_3.png,PO,PO,0.8730620741844177,1
/home/ntlpt19/Downloads/Eval_classification/LC/PO/Purchase_Order_By_Opener_296_1.png,PO,PO,1.0,1
/home/ntlpt19/Downloads/Eval_classification/LC/PO/Purchase_Order_By_Opener_270_1.png,PO,PO,1.0,1
/home/ntlpt19/Downloads/Eval_classification/LC/PO/Purchase_Order_By_Opener_272_0.png,PO,PO,1.0,1
/home/ntlpt19/Downloads/Eval_classification/LC/OTHERS/Insurance_Certificate_221_page_2.png,OTHERS,OTHERS,1.0,1
/home/ntlpt19/Downloads/Eval_classification/LC/OTHERS/Insurance_Certificate_174_page_2.png,OTHERS,PI,0.9999996423721312,0
/home/ntlpt19/Downloads/Eval_classification/LC/OTHERS/Insurance_Certificate_276_page_3.png,OTHERS,OTHERS,0.9999955892562866,1
/home/ntlpt19/Downloads/Eval_classification/LC/PI/Proforma_Invoice_20_0.png,PI,PI,1.0,1
/home/ntlpt19/Downloads/Eval_classification/LC/OTHERS/Insurance_Certificate_66_page_1.png,OTHERS,OTHERS,1.0,1
/home/ntlpt19/Downloads/Eval_classification/LC/PO/Purchase_Order_By_Opener_236_1.png,PO,PO,0.7417383193969727,1
/home/ntlpt19/Downloads/Eval_classification/LC/PO/Purchase_Order_By_Opener_234_1.png,PO,PO,0.9999833106994628,1
/home/ntlpt19/Downloads/Eval_classification/LC/OTHERS/Insurance_Certificate_220_page_3.png,OTHERS,OTHERS,1.0,1
/home/ntlpt19/Downloads/Eval_classification/LC/PO/Purchase_Order_By_Opener_269_2.png,PO,PO,1.0,1
/home/ntlpt19/Downloads/Eval_classification/LC/PO/Purchase_Order_By_Opener_227_1.png,PO,PO,1.0,1
/home/ntlpt19/Downloads/Eval_classification/LC/OTHERS/Insurance_Certificate_186_page_1.png,OTHERS,OTHERS,1.0,1
/home/ntlpt19/Downloads/Eval_classification/LC/PO/Purchase_Order_By_Opener_218_1.png,PO,PO,1.0,1
/home/ntlpt19/Downloads/Eval_classification/LC/OTHERS/Insurance_Certificate_38_page_1.png,OTHERS,PO,0.7686131000518799,0
/home/ntlpt19/Downloads/Eval_classification/LC/PO/Purchase_Order_By_Opener_245_1.png,PO,PO,1.0,1
/home/ntlpt19/Downloads/Eval_classification/LC/OTHERS/Insurance_Certificate_91_page_3.png,OTHERS,OTHERS,1.0,1
/home/ntlpt19/Downloads/Eval_classification/LC/PO/Purchase_Order_By_Opener_329_0.png,PO,PO,1.0,1
/home/ntlpt19/Downloads/Eval_classification/LC/OTHERS/Insurance_Certificate_52_page_9.png,OTHERS,PO,1.0,0
/home/ntlpt19/Downloads/Eval_classification/LC/PO/Purchase_Order_By_Opener_282_2.png,PO,PO,1.0,1
/home/ntlpt19/Downloads/Eval_classification/LC/OTHERS/Insurance_Certificate_246_page_11.png,OTHERS,OTHERS,0.9995484948158264,1
/home/ntlpt19/Downloads/Eval_classification/LC/PO/Purchase_Order_By_Opener_339_0.png,PO,PO,0.9999998807907104,1
/home/ntlpt19/Downloads/Eval_classification/LC/PI/Proforma_Invoice(2013_01_10_13_52_39_0207)_499_0.png,PI,OTHERS,1.0,0
/home/ntlpt19/Downloads/Eval_classification/LC/PO/Purchase_Order_By_Opener_246_2.png,PO,PO,1.0,1
/home/ntlpt19/Downloads/Eval_classification/LC/OTHERS/Insurance_Certificate_163_page_5.png,OTHERS,OTHERS,1.0,1
/home/ntlpt19/Downloads/Eval_classification/LC/OTHERS/Insurance_Certificate_91_page_4.png,OTHERS,OTHERS,1.0,1
/home/ntlpt19/Downloads/Eval_classification/LC/PO/Purchase_Order_By_Opener_218_0.png,PO,PO,1.0,1
/home/ntlpt19/Downloads/Eval_classification/LC/PO/Purchase_Order_By_Opener_346_1.png,PO,OTHERS,0.9999974966049194,0
/home/ntlpt19/Downloads/Eval_classification/LC/PO/Purchase_Order_By_Opener_219_1.png,PO,PO,0.999890923500061,1
/home/ntlpt19/Downloads/Eval_classification/LC/OTHERS/Insurance_Certificate_284_page_7.png,OTHERS,OTHERS,1.0,1
/home/ntlpt19/Downloads/Eval_classification/LC/PO/Purchase_Order_By_Opener_202_1.png,PO,OTHERS,0.989994466304779,0
/home/ntlpt19/Downloads/Eval_classification/LC/PO/Purchase_Order_By_Opener_240_1.png,PO,PO,1.0,1
/home/ntlpt19/Downloads/Eval_classification/LC/PO/Purchase_Order_By_Opener_292_0.png,PO,PO,1.0,1
/home/ntlpt19/Downloads/Eval_classification/LC/PO/Purchase_Order_By_Opener_269_3.png,PO,PO,0.999996781349182,1
/home/ntlpt19/Downloads/Eval_classification/LC/PO/Purchase_Order_By_Opener_239_0.png,PO,PO,1.0,1
/home/ntlpt19/Downloads/Eval_classification/LC/OTHERS/Insurance_Certificate_217_page_0.png,OTHERS,PI,0.493671715259552,0
/home/ntlpt19/Downloads/Eval_classification/LC/OTHERS/Insurance_Certificate_34_page_0.png,OTHERS,PO,0.9998774528503418,0
/home/ntlpt19/Downloads/Eval_classification/LC/PO/Purchase_Order_By_Opener_269_1.png,PO,PO,1.0,1
/home/ntlpt19/Downloads/Eval_classification/LC/PO/Purchase_Order_By_Opener_276_1.png,PO,PO,0.9994459748268129,1
/home/ntlpt19/Downloads/Eval_classification/LC/PO/Purchase_Order_By_Opener_236_0.png,PO,PO,0.9999995231628418,1
/home/ntlpt19/Downloads/Eval_classification/LC/PO/Purchase_Order_By_Opener_240_0.png,PO,PO,0.9999901056289672,1
/home/ntlpt19/Downloads/Eval_classification/LC/PO/Purchase_Order_By_Opener_269_11.png,PO,PO,0.9999997615814208,1
/home/ntlpt19/Downloads/Eval_classification/LC/PO/Purchase_Order_By_Opener_217_1.png,PO,OTHERS,0.9999971389770508,0
/home/ntlpt19/Downloads/Eval_classification/LC/PI/Proforma_Invoice(2013_04_16_16_37_06_4995)_283_0.png,PI,PI,1.0,1
/home/ntlpt19/Downloads/Eval_classification/LC/PO/Purchase_Order_By_Opener_329_3.png,PO,PO,1.0,1
/home/ntlpt19/Downloads/Eval_classification/LC/PO/Purchase_Order_By_Opener_269_15.png,PO,PO,1.0,1
/home/ntlpt19/Downloads/Eval_classification/LC/OTHERS/Insurance_Certificate_149_page_9.png,OTHERS,OTHERS,0.9858461022377014,1
/home/ntlpt19/Downloads/Eval_classification/LC/PO/Purchase_Order_By_Opener_261_0.png,PO,PO,1.0,1
/home/ntlpt19/Downloads/Eval_classification/LC/PO/Purchase_Order_By_Opener_305_1.png,PO,OTHERS,1.0,0
/home/ntlpt19/Downloads/Eval_classification/LC/PO/Purchase_Order_By_Opener_229_1.png,PO,PO,1.0,1
/home/ntlpt19/Downloads/Eval_classification/LC/OTHERS/Insurance_Certificate_162_page_6.png,OTHERS,OTHERS,1.0,1
/home/ntlpt19/Downloads/Eval_classification/LC/PO/Purchase_Order_By_Opener_334_5.png,PO,PO,0.9999977350234984,1
/home/ntlpt19/Downloads/Eval_classification/LC/PI/Proforma_Invoice(2013_01_10_13_54_13_1046)_504_0.png,PI,PI,1.0,1
/home/ntlpt19/Downloads/Eval_classification/LC/OTHERS/Insurance_Certificate_50_page_1.png,OTHERS,OTHERS,1.0,1
/home/ntlpt19/Downloads/Eval_classification/LC/PO/Purchase_Order_By_Opener_252_0.png,PO,PO,0.9999637603759766,1
/home/ntlpt19/Downloads/Eval_classification/LC/PO/Purchase_Order_By_Opener_290_1.png,PO,OTHERS,0.9999890327453612,0
/home/ntlpt19/Downloads/Eval_classification/LC/PO/Purchase_Order_By_Opener_269_12.png,PO,PO,1.0,1
/home/ntlpt19/Downloads/Eval_classification/LC/PI/Proforma_Invoice(2013_01_10_13_54_03_3279)_517_0.png,PI,OTHERS,1.0,0
/home/ntlpt19/Downloads/Eval_classification/LC/OTHERS/Insurance_Certificate_288_page_1.png,OTHERS,OTHERS,1.0,1
/home/ntlpt19/Downloads/Eval_classification/LC/PO/Purchase_Order_By_Opener_264_0.png,PO,PO,1.0,1
/home/ntlpt19/Downloads/Eval_classification/LC/OTHERS/Insurance_Certificate_260_page_2.png,OTHERS,OTHERS,1.0,1
/home/ntlpt19/Downloads/Eval_classification/LC/PO/Purchase_Order_By_Opener_345_8.png,PO,OTHERS,0.9765564203262328,0
/home/ntlpt19/Downloads/Eval_classification/LC/PO/Purchase_Order_By_Opener_348_0.png,PO,PO,1.0,1
/home/ntlpt19/Downloads/Eval_classification/LC/PO/Purchase_Order_By_Opener_240_2.png,PO,PO,0.7970439195632935,1
/home/ntlpt19/Downloads/Eval_classification/LC/PO/Purchase_Order_By_Opener_248_1.png,PO,OTHERS,0.9999716281890868,0
/home/ntlpt19/Downloads/Eval_classification/LC/PI/Proforma_Invoice(2013_01_10_13_53_18_2898)_502_0.png,PI,PI,0.7147871255874634,1
/home/ntlpt19/Downloads/Eval_classification/LC/OTHERS/Insurance_Certificate_58_page_3.png,OTHERS,OTHERS,1.0,1
/home/ntlpt19/Downloads/Eval_classification/LC/OTHERS/Insurance_Certificate_106_page_3.png,OTHERS,OTHERS,0.9999959468841552,1
/home/ntlpt19/Downloads/Eval_classification/LC/OTHERS/Insurance_Certificate_160_page_5.png,OTHERS,OTHERS,1.0,1
/home/ntlpt19/Downloads/Eval_classification/LC/OTHERS/Insurance_Certificate_160_page_4.png,OTHERS,OTHERS,1.0,1
/home/ntlpt19/Downloads/Eval_classification/LC/OTHERS/Insurance_Certificate_52_page_13.png,OTHERS,OTHERS,0.9378094673156738,1
/home/ntlpt19/Downloads/Eval_classification/LC/PO/Purchase_Order_By_Opener_349_1.png,PO,PO,0.9999998807907104,1
/home/ntlpt19/Downloads/Eval_classification/LC/OTHERS/Insurance_Certificate_162_page_1.png,OTHERS,OTHERS,1.0,1
/home/ntlpt19/Downloads/Eval_classification/LC/OTHERS/Insurance_Certificate_129_page_1.png,OTHERS,OTHERS,0.999996781349182,1
/home/ntlpt19/Downloads/Eval_classification/LC/PO/Purchase_Order_By_Opener_325_4.png,PO,PO,1.0,1
/home/ntlpt19/Downloads/Eval_classification/LC/PO/Purchase_Order_By_Opener_329_4.png,PO,PO,1.0,1
/home/ntlpt19/Downloads/Eval_classification/LC/PI/Proforma_Invoice_27_0.png,PI,PI,0.665374755859375,1
/home/ntlpt19/Downloads/Eval_classification/LC/PI/Proforma_Invoice(2013_01_10_13_52_45_9323)_546_0.png,PI,OTHERS,0.9996764659881592,0
/home/ntlpt19/Downloads/Eval_classification/LC/OTHERS/Insurance_Certificate(2012_08_28_15_02_06_9952)_93_page_0.png,OTHERS,PO,1.0,0
/home/ntlpt19/Downloads/Eval_classification/LC/PO/Purchase_Order_By_Opener_315_1.png,PO,OTHERS,1.0,0
/home/ntlpt19/Downloads/Eval_classification/LC/OTHERS/Insurance_Certificate_33_page_1.png,OTHERS,OTHERS,1.0,1
/home/ntlpt19/Downloads/Eval_classification/LC/PO/Purchase_Order_By_Opener_246_0.png,PO,PO,1.0,1
/home/ntlpt19/Downloads/Eval_classification/LC/OTHERS/Insurance_Certificate_178_page_2.png,OTHERS,OTHERS,0.9999980926513672,1
/home/ntlpt19/Downloads/Eval_classification/LC/OTHERS/Insurance_Certificate_59_page_1.png,OTHERS,OTHERS,0.9924047589302064,1
/home/ntlpt19/Downloads/Eval_classification/LC/OTHERS/Insurance_Certificate_267_page_3.png,OTHERS,OTHERS,0.9999125003814696,1
/home/ntlpt19/Downloads/Eval_classification/LC/OTHERS/Insurance_Certificate_77_page_3.png,OTHERS,OTHERS,0.9999895095825196,1
/home/ntlpt19/Downloads/Eval_classification/LC/OTHERS/Insurance_Certificate_201_page_1.png,OTHERS,OTHERS,1.0,1
/home/ntlpt19/Downloads/Eval_classification/LC/PO/Purchase_Order_By_Opener_271_0.png,PO,PO,1.0,1
/home/ntlpt19/Downloads/Eval_classification/LC/PO/Purchase_Order_By_Opener_201_0.png,PO,PO,1.0,1
/home/ntlpt19/Downloads/Eval_classification/LC/PI/Proforma_Invoice(2013_01_10_13_52_06_4463)_496_0.png,PI,PI,0.9992616772651672,1
/home/ntlpt19/Downloads/Eval_classification/LC/PO/Purchase_Order_By_Opener_190_1.png,PO,PO,0.9996538162231444,1
/home/ntlpt19/Downloads/Eval_classification/LC/PI/Proforma_Invoice_13_0.png,PI,PI,0.9999979734420776,1
/home/ntlpt19/Downloads/Eval_classification/LC/PO/Purchase_Order_By_Opener_325_1.png,PO,PO,1.0,1
/home/ntlpt19/Downloads/Eval_classification/LC/OTHERS/Insurance_Certificate_166_page_0.png,OTHERS,OTHERS,1.0,1
/home/ntlpt19/Downloads/Eval_classification/LC/PO/Purchase_Order_By_Opener_269_5.png,PO,PO,0.999992609024048,1
/home/ntlpt19/Downloads/Eval_classification/LC/PI/Proforma_Invoice_22_1.png,PI,PI,1.0,1
/home/ntlpt19/Downloads/Eval_classification/LC/OTHERS/Insurance_Certificate_96_page_5.png,OTHERS,OTHERS,1.0,1
/home/ntlpt19/Downloads/Eval_classification/LC/PO/Purchase_Order_By_Opener_205_0.png,PO,PO,0.9996453523635864,1
/home/ntlpt19/Downloads/Eval_classification/LC/OTHERS/Insurance_Certificate_255_page_1.png,OTHERS,OTHERS,0.9999957084655762,1
/home/ntlpt19/Downloads/Eval_classification/LC/PO/Purchase_Order_By_Opener_281_0.png,PO,OTHERS,0.8830245733261108,0
/home/ntlpt19/Downloads/Eval_classification/LC/OTHERS/Insurance_Certificate_38_page_3.png,OTHERS,OTHERS,0.9999998807907104,1
/home/ntlpt19/Downloads/Eval_classification/LC/PO/Purchase_Order_By_Opener_253_0.png,PO,OTHERS,1.0,0
/home/ntlpt19/Downloads/Eval_classification/LC/OTHERS/Insurance_Certificate_45_page_2.png,OTHERS,OTHERS,1.0,1
/home/ntlpt19/Downloads/Eval_classification/LC/OTHERS/Insurance_Certificate_106_page_1.png,OTHERS,OTHERS,0.9999924898147584,1
/home/ntlpt19/Downloads/Eval_classification/LC/PI/Proforma_Invoice_22_0.png,PI,PO,0.9999767541885376,0
/home/ntlpt19/Downloads/Eval_classification/LC/OTHERS/Insurance_Certificate_52_page_12.png,OTHERS,OTHERS,1.0,1
/home/ntlpt19/Downloads/Eval_classification/LC/OTHERS/Insurance_Certificate_273_page_5.png,OTHERS,OTHERS,1.0,1
/home/ntlpt19/Downloads/Eval_classification/LC/PO/Purchase_Order_By_Opener_328_0.png,PO,PO,1.0,1
/home/ntlpt19/Downloads/Eval_classification/LC/OTHERS/Insurance_Certificate_163_page_9.png,OTHERS,OTHERS,1.0,1
/home/ntlpt19/Downloads/Eval_classification/LC/PO/Purchase_Order_By_Opener_251_1.png,PO,OTHERS,0.9999716281890868,0
/home/ntlpt19/Downloads/Eval_classification/LC/PO/Purchase_Order_By_Opener_233_0.png,PO,PO,1.0,1
/home/ntlpt19/Downloads/Eval_classification/LC/PO/Purchase_Order_By_Opener_318_0.png,PO,PO,1.0,1
/home/ntlpt19/Downloads/Eval_classification/LC/OTHERS/Insurance_Certificate_96_page_3.png,OTHERS,OTHERS,1.0,1
/home/ntlpt19/Downloads/Eval_classification/LC/OTHERS/Insurance_Certificate_284_page_5.png,OTHERS,OTHERS,0.9999998807907104,1
/home/ntlpt19/Downloads/Eval_classification/LC/OTHERS/Insurance_Certificate_77_page_1.png,OTHERS,OTHERS,0.9999885559082032,1
/home/ntlpt19/Downloads/Eval_classification/LC/PO/Purchase_Order_By_Opener_251_2.png,PO,OTHERS,0.9999948740005492,0
/home/ntlpt19/Downloads/Eval_classification/LC/PI/Proforma_Invoice(2013_01_10_13_51_32_1661)_490_0.png,PI,PI,1.0,1
/home/ntlpt19/Downloads/Eval_classification/LC/OTHERS/Insurance_Certificate_96_page_1.png,OTHERS,OTHERS,1.0,1
/home/ntlpt19/Downloads/Eval_classification/LC/OTHERS/Insurance_Certificate_52_page_7.png,OTHERS,PO,0.9513480067253112,0
/home/ntlpt19/Downloads/Eval_classification/LC/PO/Purchase_Order_By_Opener_349_0.png,PO,PO,1.0,1
/home/ntlpt19/Downloads/Eval_classification/LC/PI/Proforma_Invoice(2013_01_10_13_51_25_9844)_494_0.png,PI,PI,0.7809074521064758,1
/home/ntlpt19/Downloads/Eval_classification/LC/OTHERS/Insurance_Certificate_52_page_8.png,OTHERS,PO,0.9999998807907104,0
/home/ntlpt19/Downloads/Eval_classification/LC/OTHERS/Insurance_Certificate_219_page_1.png,OTHERS,OTHERS,0.9999493360519408,1
/home/ntlpt19/Downloads/Eval_classification/LC/PO/Purchase_Order_By_Opener_333_0.png,PO,PO,1.0,1
/home/ntlpt19/Downloads/Eval_classification/LC/PI/Proforma_Invoice_8_0.png,PI,PI,0.9973679184913636,1
/home/ntlpt19/Downloads/Eval_classification/LC/PO/Purchase_Order_By_Opener_323_0.png,PO,PO,0.9491532444953918,1
/home/ntlpt19/Downloads/Eval_classification/LC/PO/Purchase_Order_By_Opener_269_9.png,PO,PO,0.9999997615814208,1
/home/ntlpt19/Downloads/Eval_classification/LC/PI/Proforma_Invoice_19_3.png,PI,OTHERS,1.0,0
/home/ntlpt19/Downloads/Eval_classification/LC/PI/Proforma_Invoice_3_0.png,PI,PO,0.9993102550506592,0
/home/ntlpt19/Downloads/Eval_classification/LC/PO/Purchase_Order_By_Opener_257_0.png,PO,PO,0.9999997615814208,1
/home/ntlpt19/Downloads/Eval_classification/LC/PO/Purchase_Order_By_Opener_329_1.png,PO,PO,1.0,1
/home/ntlpt19/Downloads/Eval_classification/LC/PO/Purchase_Order_By_Opener_270_0.png,PO,PO,1.0,1
/home/ntlpt19/Downloads/Eval_classification/LC/PI/Proforma_Invoice(2013_01_10_13_54_30_1695)_505_0.png,PI,OTHERS,0.8735229969024658,0
/home/ntlpt19/Downloads/Eval_classification/LC/OTHERS/Insurance_Certificate_141_page_1.png,OTHERS,OTHERS,1.0,1
/home/ntlpt19/Downloads/Eval_classification/LC/PI/Proforma_Invoice_23_0.png,PI,PI,0.9999200105667114,1
/home/ntlpt19/Downloads/Eval_classification/LC/OTHERS/Insurance_Certificate_284_page_2.png,OTHERS,OTHERS,1.0,1
/home/ntlpt19/Downloads/Eval_classification/LC/PI/Proforma_Invoice(2013_01_10_13_51_40_2579)_491_0.png,PI,OTHERS,1.0,0
/home/ntlpt19/Downloads/Eval_classification/LC/PO/Purchase_Order_By_Opener_296_0.png,PO,PO,1.0,1
/home/ntlpt19/Downloads/Eval_classification/LC/PO/Purchase_Order_By_Opener_305_0.png,PO,OTHERS,0.9863157868385316,0
/home/ntlpt19/Downloads/Eval_classification/LC/PO/Purchase_Order_By_Opener_346_0.png,PO,OTHERS,1.0,0
/home/ntlpt19/Downloads/Eval_classification/LC/OTHERS/Insurance_Certificate_70_page_1.png,OTHERS,OTHERS,0.9999997615814208,1
/home/ntlpt19/Downloads/Eval_classification/LC/OTHERS/Insurance_Certificate_117_page_1.png,OTHERS,OTHERS,1.0,1
/home/ntlpt19/Downloads/Eval_classification/LC/PO/Purchase_Order_By_Opener_280_0.png,PO,PO,1.0,1
/home/ntlpt19/Downloads/Eval_classification/LC/PO/Purchase_Order_By_Opener_345_0.png,PO,PO,0.999995231628418,1
/home/ntlpt19/Downloads/Eval_classification/LC/PO/Purchase_Order_By_Opener_269_6.png,PO,PO,0.999996542930603,1
/home/ntlpt19/Downloads/Eval_classification/LC/PO/Purchase_Order_By_Opener_262_0.png,PO,PO,0.5803831815719604,1
/home/ntlpt19/Downloads/Eval_classification/LC/PO/Purchase_Order_By_Opener_293_0.png,PO,PO,1.0,1
/home/ntlpt19/Downloads/Eval_classification/LC/OTHERS/Insurance_Certificate_116_page_0.png,OTHERS,PO,0.9966381788253784,0
/home/ntlpt19/Downloads/Eval_classification/LC/PI/Proforma_Invoice(2013_01_10_13_53_01_7838)_501_0.png,PI,PI,1.0,1
/home/ntlpt19/Downloads/Eval_classification/LC/OTHERS/Insurance_Certificate_32_page_0.png,OTHERS,OTHERS,1.0,1
/home/ntlpt19/Downloads/Eval_classification/LC/OTHERS/Insurance_Certificate_167_page_3.png,OTHERS,OTHERS,1.0,1
/home/ntlpt19/Downloads/Eval_classification/LC/PO/Purchase_Order_By_Opener_246_1.png,PO,PO,0.9389587640762328,1
/home/ntlpt19/Downloads/Eval_classification/LC/PO/Purchase_Order_By_Opener_227_0.png,PO,PO,1.0,1
/home/ntlpt19/Downloads/Eval_classification/LC/PO/Purchase_Order_By_Opener_341_0.png,PO,PO,1.0,1
/home/ntlpt19/Downloads/Eval_classification/LC/OTHERS/Insurance_Certificate_142_page_3.png,OTHERS,OTHERS,1.0,1
/home/ntlpt19/Downloads/Eval_classification/LC/OTHERS/Insurance_Certificate_140_page_3.png,OTHERS,OTHERS,1.0,1
/home/ntlpt19/Downloads/Eval_classification/LC/PI/Proforma_Invoice(2013_01_10_13_55_14_3594)_523_0.png,PI,OTHERS,0.9044342637062072,0
/home/ntlpt19/Downloads/Eval_classification/LC/PO/Purchase_Order_By_Opener_240_5.png,PO,PO,0.9767467975616456,1
/home/ntlpt19/Downloads/Eval_classification/LC/PO/Purchase_Order_By_Opener_206_0.png,PO,PO,1.0,1
/home/ntlpt19/Downloads/Eval_classification/LC/OTHERS/Insurance_Certificate_182_page_1.png,OTHERS,OTHERS,0.999961256980896,1
/home/ntlpt19/Downloads/Eval_classification/LC/PO/Purchase_Order_By_Opener_265_0.png,PO,OTHERS,1.0,0
/home/ntlpt19/Downloads/Eval_classification/LC/PO/Purchase_Order_By_Opener_269_4.png,PO,PO,0.9999998807907104,1
/home/ntlpt19/Downloads/Eval_classification/LC/PI/Proforma_Invoice_31_0.png,PI,PI,0.9896594882011414,1
/home/ntlpt19/Downloads/Eval_classification/LC/PI/Proforma_Invoice(2013_01_10_13_55_22_4671)_548_0.png,PI,PI,0.8013836145401001,1
/home/ntlpt19/Downloads/Eval_classification/LC/PI/Proforma_Invoice(2013_01_10_13_51_15_4180)_493_0.png,PI,OTHERS,0.8203384876251221,0
/home/ntlpt19/Downloads/Eval_classification/LC/PI/Proforma_Invoice(2013_01_10_13_51_47_2086)_495_0.png,PI,OTHERS,0.9999996423721312,0
/home/ntlpt19/Downloads/Eval_classification/LC/PO/Purchase_Order_By_Opener_334_0.png,PO,PO,1.0,1
/home/ntlpt19/Downloads/Eval_classification/LC/PO/Purchase_Order_By_Opener_208_0.png,PO,PO,1.0,1
/home/ntlpt19/Downloads/Eval_classification/LC/OTHERS/Insurance_Certificate_167_page_1.png,OTHERS,OTHERS,0.6795759201049805,1
/home/ntlpt19/Downloads/Eval_classification/LC/PI/Proforma_Invoice(2013_01_10_14_27_36_1131)_541_0.png,PI,PI,0.9999988079071044,1
/home/ntlpt19/Downloads/Eval_classification/LC/OTHERS/Insurance_Certificate_52_page_11.png,OTHERS,OTHERS,0.9802109599113464,1
/home/ntlpt19/Downloads/Eval_classification/LC/OTHERS/Insurance_Certificate_35_page_1.png,OTHERS,OTHERS,1.0,1
/home/ntlpt19/Downloads/Eval_classification/LC/PO/Purchase_Order_By_Opener_276_2.png,PO,PO,0.999651312828064,1
/home/ntlpt19/Downloads/Eval_classification/LC/PO/Purchase_Order_By_Opener_345_16.png,PO,PO,1.0,1
/home/ntlpt19/Downloads/Eval_classification/LC/PO/Purchase_Order_By_Opener_315_2.png,PO,OTHERS,1.0,0
/home/ntlpt19/Downloads/Eval_classification/LC/PO/Purchase_Order_By_Opener_288_0.png,PO,OTHERS,1.0,0
/home/ntlpt19/Downloads/Eval_classification/LC/PO/Purchase_Order_By_Opener_297_0.png,PO,OTHERS,0.9997585415840148,0
/home/ntlpt19/Downloads/Eval_classification/LC/PO/Purchase_Order_By_Opener_325_0.png,PO,PO,0.999995231628418,1
/home/ntlpt19/Downloads/Eval_classification/LC/PO/Purchase_Order_By_Opener_344_0.png,PO,PO,1.0,1
/home/ntlpt19/Downloads/Eval_classification/LC/OTHERS/Insurance_Certificate_276_page_7.png,OTHERS,PO,1.0,0
/home/ntlpt19/Downloads/Eval_classification/LC/OTHERS/Insurance_Certificate_52_page_5.png,OTHERS,OTHERS,0.999761402606964,1
/home/ntlpt19/Downloads/Eval_classification/LC/PI/Proforma_Invoice(2013_04_17_14_00_41_9003)_303_0.png,PI,OTHERS,0.9998981952667236,0
/home/ntlpt19/Downloads/Eval_classification/LC/PI/Proforma_Invoice(2013_01_10_13_52_23_1384)_513_0.png,PI,PI,0.6414458155632019,1
/home/ntlpt19/Downloads/Eval_classification/LC/OTHERS/Insurance_Certificate_89_page_8.png,OTHERS,OTHERS,1.0,1
/home/ntlpt19/Downloads/Eval_classification/LC/OTHERS/Insurance_Certificate_98_page_1.png,OTHERS,OTHERS,1.0,1
/home/ntlpt19/Downloads/Eval_classification/LC/OTHERS/Insurance_Certificate_30_page_1.png,OTHERS,PO,0.9999997615814208,0
/home/ntlpt19/Downloads/Eval_classification/LC/PI/Proforma_Invoice_19_2.png,PI,OTHERS,1.0,0
/home/ntlpt19/Downloads/Eval_classification/LC/PO/Purchase_Order_By_Opener_240_3.png,PO,OTHERS,0.5410801768302917,0
/home/ntlpt19/Downloads/Eval_classification/LC/PO/Purchase_Order_By_Opener_345_12.png,PO,OTHERS,0.8221331834793091,0
/home/ntlpt19/Downloads/Eval_classification/LC/PO/Purchase_Order_By_Opener_235_0.png,PO,PO,1.0,1
/home/ntlpt19/Downloads/Eval_classification/LC/PO/Purchase_Order_By_Opener_256_0.png,PO,PO,0.9999992847442628,1
/home/ntlpt19/Downloads/Eval_classification/LC/PO/Purchase_Order_By_Opener_260_0.png,PO,PO,1.0,1
/home/ntlpt19/Downloads/Eval_classification/LC/PO/Purchase_Order_By_Opener_321_0.png,PO,OTHERS,0.9505542516708374,0
/home/ntlpt19/Downloads/Eval_classification/LC/OTHERS/Insurance_Certificate_59_page_3.png,OTHERS,OTHERS,1.0,1
/home/ntlpt19/Downloads/Eval_classification/LC/PO/Purchase_Order_By_Opener_223_1.png,PO,OTHERS,0.9997745156288148,0
/home/ntlpt19/Downloads/Eval_classification/LC/OTHERS/Insurance_Certificate_91_page_1.png,OTHERS,OTHERS,0.9999895095825196,1
/home/ntlpt19/Downloads/Eval_classification/LC/PO/Purchase_Order_By_Opener_289_0.png,PO,OTHERS,1.0,0
