img,label
/home/ntlpt19/Downloads/Eval_classification/LC/OTHERS/Insurance_Certificate_96_page_3.png,0
/home/ntlpt19/Downloads/Eval_classification/LC/PI/Proforma_Invoice(2013_01_10_13_55_32_9751)_519_0.png,2
/home/ntlpt19/Downloads/Eval_classification/LC/PO/Purchase_Order_By_Opener_269_11.png,1
/home/ntlpt19/Downloads/Eval_classification/LC/PI/Proforma_Invoice_32_0.png,2
/home/ntlpt19/Downloads/Eval_classification/LC/OTHERS/Insurance_Certificate_91_page_4_S_0.png,0
/home/ntlpt19/Downloads/Eval_classification/LC/OTHERS/Insurance_Certificate_91_page_4_S_1.png,0
/home/ntlpt19/Downloads/Eval_classification/LC/OTHERS/Insurance_Certificate_91_page_4_S_2.png,0
/home/ntlpt19/Downloads/Eval_classification/LC/OTHERS/Insurance_Certificate_163_page_5.png,0
/home/ntlpt19/Downloads/Eval_classification/LC/OTHERS/Insurance_Certificate_52_page_12_S_0.png,0
/home/ntlpt19/Downloads/Eval_classification/LC/OTHERS/Insurance_Certificate_52_page_12_S_1.png,0
/home/ntlpt19/Downloads/Eval_classification/LC/OTHERS/Insurance_Certificate_52_page_12_S_2.png,0
/home/ntlpt19/Downloads/Eval_classification/LC/OTHERS/Insurance_Certificate_52_page_12_S_3.png,0
/home/ntlpt19/Downloads/Eval_classification/LC/OTHERS/Insurance_Certificate_52_page_12_S_4.png,0
/home/ntlpt19/Downloads/Eval_classification/LC/OTHERS/Insurance_Certificate_162_page_1.png,0
/home/ntlpt19/Downloads/Eval_classification/LC/PO/Purchase_Order_By_Opener_272_0_S_0.png,1
/home/ntlpt19/Downloads/Eval_classification/LC/PO/Purchase_Order_By_Opener_272_0_S_1.png,1
/home/ntlpt19/Downloads/Eval_classification/LC/OTHERS/Insurance_Certificate_219_page_1.png,0
/home/ntlpt19/Downloads/Eval_classification/LC/PO/Purchase_Order_By_Opener_269_15_S_0.png,1
/home/ntlpt19/Downloads/Eval_classification/LC/PO/Purchase_Order_By_Opener_269_15_S_1.png,1
/home/ntlpt19/Downloads/Eval_classification/LC/PO/Purchase_Order_By_Opener_344_0.png,1
/home/ntlpt19/Downloads/Eval_classification/LC/PO/Purchase_Order_By_Opener_239_0_S_0.png,1
/home/ntlpt19/Downloads/Eval_classification/LC/PO/Purchase_Order_By_Opener_239_0_S_1.png,1
/home/ntlpt19/Downloads/Eval_classification/LC/OTHERS/Insurance_Certificate_220_page_3.png,0
/home/ntlpt19/Downloads/Eval_classification/LC/PO/Purchase_Order_By_Opener_269_6.png,1
/home/ntlpt19/Downloads/Eval_classification/LC/OTHERS/Insurance_Certificate_38_page_3.png,0
/home/ntlpt19/Downloads/Eval_classification/LC/PO/Purchase_Order_By_Opener_349_0_S_0.png,1
/home/ntlpt19/Downloads/Eval_classification/LC/PO/Purchase_Order_By_Opener_349_0_S_1.png,1
/home/ntlpt19/Downloads/Eval_classification/LC/PO/Purchase_Order_By_Opener_334_5_S_0.png,1
/home/ntlpt19/Downloads/Eval_classification/LC/PO/Purchase_Order_By_Opener_334_5_S_1.png,1
/home/ntlpt19/Downloads/Eval_classification/LC/OTHERS/Insurance_Certificate_34_page_0.png,0
/home/ntlpt19/Downloads/Eval_classification/LC/OTHERS/Insurance_Certificate_260_page_2_S_0.png,0
/home/ntlpt19/Downloads/Eval_classification/LC/OTHERS/Insurance_Certificate_260_page_2_S_1.png,0
/home/ntlpt19/Downloads/Eval_classification/LC/PO/Purchase_Order_By_Opener_315_2.png,1
/home/ntlpt19/Downloads/Eval_classification/LC/OTHERS/Insurance_Certificate_106_page_1.png,0
/home/ntlpt19/Downloads/Eval_classification/LC/PI/Proforma_Invoice(2013_01_10_13_52_45_9323)_546_0_S_0.png,2
/home/ntlpt19/Downloads/Eval_classification/LC/PI/Proforma_Invoice(2013_01_10_13_52_45_9323)_546_0_S_1.png,2
/home/ntlpt19/Downloads/Eval_classification/LC/PO/Purchase_Order_By_Opener_276_1_S_0.png,1
/home/ntlpt19/Downloads/Eval_classification/LC/PO/Purchase_Order_By_Opener_276_1_S_1.png,1
/home/ntlpt19/Downloads/Eval_classification/LC/PI/Proforma_Invoice_27_0_S_0.png,2
/home/ntlpt19/Downloads/Eval_classification/LC/PI/Proforma_Invoice_27_0_S_1.png,2
/home/ntlpt19/Downloads/Eval_classification/LC/OTHERS/Insurance_Certificate_96_page_5.png,0
/home/ntlpt19/Downloads/Eval_classification/LC/OTHERS/Insurance_Certificate_276_page_6_S_0.png,0
/home/ntlpt19/Downloads/Eval_classification/LC/OTHERS/Insurance_Certificate_276_page_6_S_1.png,0
/home/ntlpt19/Downloads/Eval_classification/LC/PO/Purchase_Order_By_Opener_269_12.png,1
/home/ntlpt19/Downloads/Eval_classification/LC/PO/Purchase_Order_By_Opener_289_0_S_0.png,1
/home/ntlpt19/Downloads/Eval_classification/LC/PO/Purchase_Order_By_Opener_289_0_S_1.png,1
/home/ntlpt19/Downloads/Eval_classification/LC/OTHERS/Insurance_Certificate_167_page_3.png,0
/home/ntlpt19/Downloads/Eval_classification/LC/OTHERS/Insurance_Certificate_52_page_13_S_0.png,0
/home/ntlpt19/Downloads/Eval_classification/LC/OTHERS/Insurance_Certificate_52_page_13_S_1.png,0
/home/ntlpt19/Downloads/Eval_classification/LC/OTHERS/Insurance_Certificate_52_page_13_S_2.png,0
/home/ntlpt19/Downloads/Eval_classification/LC/OTHERS/Insurance_Certificate_52_page_13_S_3.png,0
/home/ntlpt19/Downloads/Eval_classification/LC/OTHERS/Insurance_Certificate_52_page_13_S_4.png,0
/home/ntlpt19/Downloads/Eval_classification/LC/PO/Purchase_Order_By_Opener_282_1_S_0.png,1
/home/ntlpt19/Downloads/Eval_classification/LC/PO/Purchase_Order_By_Opener_282_1_S_1.png,1
/home/ntlpt19/Downloads/Eval_classification/LC/PI/Proforma_Invoice(2013_01_10_13_53_18_2898)_502_0_S_0.png,2
/home/ntlpt19/Downloads/Eval_classification/LC/PI/Proforma_Invoice(2013_01_10_13_53_18_2898)_502_0_S_1.png,2
/home/ntlpt19/Downloads/Eval_classification/LC/PO/Purchase_Order_By_Opener_269_1_S_0.png,1
/home/ntlpt19/Downloads/Eval_classification/LC/PO/Purchase_Order_By_Opener_269_1_S_1.png,1
/home/ntlpt19/Downloads/Eval_classification/LC/OTHERS/Insurance_Certificate_149_page_6.png,0
/home/ntlpt19/Downloads/Eval_classification/LC/PI/Proforma_Invoice(2013_01_10_13_54_13_1046)_504_0_S_0.png,2
/home/ntlpt19/Downloads/Eval_classification/LC/PI/Proforma_Invoice(2013_01_10_13_54_13_1046)_504_0_S_1.png,2
/home/ntlpt19/Downloads/Eval_classification/LC/PI/Proforma_Invoice_23_0_S_0.png,2
/home/ntlpt19/Downloads/Eval_classification/LC/PI/Proforma_Invoice_23_0_S_1.png,2
/home/ntlpt19/Downloads/Eval_classification/LC/PI/Proforma_Invoice(2013_01_10_13_54_03_3279)_517_0_S_0.png,2
/home/ntlpt19/Downloads/Eval_classification/LC/PI/Proforma_Invoice(2013_01_10_13_54_03_3279)_517_0_S_1.png,2
/home/ntlpt19/Downloads/Eval_classification/LC/PI/Proforma_Invoice(2013_01_10_13_54_59_7183)_522_0_S_0.png,2
/home/ntlpt19/Downloads/Eval_classification/LC/PI/Proforma_Invoice(2013_01_10_13_54_59_7183)_522_0_S_1.png,2
/home/ntlpt19/Downloads/Eval_classification/LC/PO/Purchase_Order_By_Opener_269_3.png,1
/home/ntlpt19/Downloads/Eval_classification/LC/PO/Purchase_Order_By_Opener_323_0_S_0.png,1
/home/ntlpt19/Downloads/Eval_classification/LC/PO/Purchase_Order_By_Opener_323_0_S_1.png,1
/home/ntlpt19/Downloads/Eval_classification/LC/PO/Purchase_Order_By_Opener_321_0_S_0.png,1
/home/ntlpt19/Downloads/Eval_classification/LC/PO/Purchase_Order_By_Opener_321_0_S_1.png,1
/home/ntlpt19/Downloads/Eval_classification/LC/PI/Proforma_Invoice(2013_01_10_13_53_01_7838)_501_0_S_0.png,2
/home/ntlpt19/Downloads/Eval_classification/LC/PI/Proforma_Invoice(2013_01_10_13_53_01_7838)_501_0_S_1.png,2
/home/ntlpt19/Downloads/Eval_classification/LC/OTHERS/Insurance_Certificate_52_page_10.png,0
/home/ntlpt19/Downloads/Eval_classification/LC/PI/Proforma_Invoice_19_2.png,2
/home/ntlpt19/Downloads/Eval_classification/LC/OTHERS/Insurance_Certificate_57_page_5_S_0.png,0
/home/ntlpt19/Downloads/Eval_classification/LC/OTHERS/Insurance_Certificate_57_page_5_S_1.png,0
/home/ntlpt19/Downloads/Eval_classification/LC/OTHERS/Insurance_Certificate_57_page_5_S_2.png,0
/home/ntlpt19/Downloads/Eval_classification/LC/PO/Purchase_Order_By_Opener_208_0_S_0.png,1
/home/ntlpt19/Downloads/Eval_classification/LC/PO/Purchase_Order_By_Opener_208_0_S_1.png,1
/home/ntlpt19/Downloads/Eval_classification/LC/PO/Purchase_Order_By_Opener_270_0_S_0.png,1
/home/ntlpt19/Downloads/Eval_classification/LC/PO/Purchase_Order_By_Opener_270_0_S_1.png,1
/home/ntlpt19/Downloads/Eval_classification/LC/PO/Purchase_Order_By_Opener_246_0.png,1
/home/ntlpt19/Downloads/Eval_classification/LC/PI/Proforma_Invoice_3_0.png,2
/home/ntlpt19/Downloads/Eval_classification/LC/OTHERS/Insurance_Certificate_153_page_1.png,0
/home/ntlpt19/Downloads/Eval_classification/LC/PO/Purchase_Order_By_Opener_218_1_S_0.png,1
/home/ntlpt19/Downloads/Eval_classification/LC/PO/Purchase_Order_By_Opener_218_1_S_1.png,1
/home/ntlpt19/Downloads/Eval_classification/LC/PO/Purchase_Order_By_Opener_325_4.png,1
/home/ntlpt19/Downloads/Eval_classification/LC/PO/Purchase_Order_By_Opener_305_0.png,1
/home/ntlpt19/Downloads/Eval_classification/LC/PO/Purchase_Order_By_Opener_240_0_S_0.png,1
/home/ntlpt19/Downloads/Eval_classification/LC/PO/Purchase_Order_By_Opener_240_0_S_1.png,1
/home/ntlpt19/Downloads/Eval_classification/LC/PO/Purchase_Order_By_Opener_345_16_S_0.png,1
/home/ntlpt19/Downloads/Eval_classification/LC/PO/Purchase_Order_By_Opener_345_16_S_1.png,1
/home/ntlpt19/Downloads/Eval_classification/LC/OTHERS/Insurance_Certificate_52_page_8.png,0
/home/ntlpt19/Downloads/Eval_classification/LC/PO/Purchase_Order_By_Opener_202_1_S_0.png,1
/home/ntlpt19/Downloads/Eval_classification/LC/PO/Purchase_Order_By_Opener_202_1_S_1.png,1
/home/ntlpt19/Downloads/Eval_classification/LC/PO/Purchase_Order_By_Opener_281_0_S_0.png,1
/home/ntlpt19/Downloads/Eval_classification/LC/PO/Purchase_Order_By_Opener_281_0_S_1.png,1
/home/ntlpt19/Downloads/Eval_classification/LC/PO/Purchase_Order_By_Opener_281_0_S_2.png,1
/home/ntlpt19/Downloads/Eval_classification/LC/PO/Purchase_Order_By_Opener_248_1_S_0.png,1
/home/ntlpt19/Downloads/Eval_classification/LC/PO/Purchase_Order_By_Opener_248_1_S_1.png,1
/home/ntlpt19/Downloads/Eval_classification/LC/PO/Purchase_Order_By_Opener_290_1_S_0.png,1
/home/ntlpt19/Downloads/Eval_classification/LC/PO/Purchase_Order_By_Opener_290_1_S_1.png,1
/home/ntlpt19/Downloads/Eval_classification/LC/PO/Purchase_Order_By_Opener_315_1_S_0.png,1
/home/ntlpt19/Downloads/Eval_classification/LC/PO/Purchase_Order_By_Opener_315_1_S_1.png,1
/home/ntlpt19/Downloads/Eval_classification/LC/OTHERS/Insurance_Certificate_178_page_2.png,0
/home/ntlpt19/Downloads/Eval_classification/LC/PO/Purchase_Order_By_Opener_329_1.png,1
/home/ntlpt19/Downloads/Eval_classification/LC/PO/Purchase_Order_By_Opener_253_0_S_0.png,1
/home/ntlpt19/Downloads/Eval_classification/LC/PO/Purchase_Order_By_Opener_253_0_S_1.png,1
/home/ntlpt19/Downloads/Eval_classification/LC/OTHERS/Insurance_Certificate_273_page_3_S_0.png,0
/home/ntlpt19/Downloads/Eval_classification/LC/OTHERS/Insurance_Certificate_273_page_3_S_1.png,0
/home/ntlpt19/Downloads/Eval_classification/LC/OTHERS/Insurance_Certificate_273_page_3_S_2.png,0
/home/ntlpt19/Downloads/Eval_classification/LC/OTHERS/Insurance_Certificate_273_page_3_S_3.png,0
/home/ntlpt19/Downloads/Eval_classification/LC/OTHERS/Insurance_Certificate_273_page_3_S_4.png,0
/home/ntlpt19/Downloads/Eval_classification/LC/OTHERS/Insurance_Certificate_273_page_3_S_5.png,0
/home/ntlpt19/Downloads/Eval_classification/LC/OTHERS/Insurance_Certificate_273_page_3_S_6.png,0
/home/ntlpt19/Downloads/Eval_classification/LC/OTHERS/Insurance_Certificate_273_page_3_S_7.png,0
/home/ntlpt19/Downloads/Eval_classification/LC/OTHERS/Insurance_Certificate_273_page_3_S_8.png,0
/home/ntlpt19/Downloads/Eval_classification/LC/OTHERS/Insurance_Certificate_273_page_3_S_9.png,0
/home/ntlpt19/Downloads/Eval_classification/LC/OTHERS/Insurance_Certificate_273_page_3_S_10.png,0
/home/ntlpt19/Downloads/Eval_classification/LC/OTHERS/Insurance_Certificate_273_page_3_S_11.png,0
/home/ntlpt19/Downloads/Eval_classification/LC/OTHERS/Insurance_Certificate_273_page_3_S_12.png,0
/home/ntlpt19/Downloads/Eval_classification/LC/PO/Purchase_Order_By_Opener_340_0.png,1
/home/ntlpt19/Downloads/Eval_classification/LC/PO/Purchase_Order_By_Opener_318_0_S_0.png,1
/home/ntlpt19/Downloads/Eval_classification/LC/PO/Purchase_Order_By_Opener_318_0_S_1.png,1
/home/ntlpt19/Downloads/Eval_classification/LC/OTHERS/Insurance_Certificate_201_page_1.png,0
/home/ntlpt19/Downloads/Eval_classification/LC/OTHERS/Insurance_Certificate_38_page_1.png,0
/home/ntlpt19/Downloads/Eval_classification/LC/PI/Proforma_Invoice(2013_01_10_13_53_38_4793)_515_0_S_0.png,2
/home/ntlpt19/Downloads/Eval_classification/LC/PI/Proforma_Invoice(2013_01_10_13_53_38_4793)_515_0_S_1.png,2
/home/ntlpt19/Downloads/Eval_classification/LC/PO/Purchase_Order_By_Opener_349_1_S_0.png,1
/home/ntlpt19/Downloads/Eval_classification/LC/PO/Purchase_Order_By_Opener_349_1_S_1.png,1
/home/ntlpt19/Downloads/Eval_classification/LC/OTHERS/Insurance_Certificate_58_page_1.png,0
/home/ntlpt19/Downloads/Eval_classification/LC/OTHERS/Insurance_Certificate_267_page_3_S_0.png,0
/home/ntlpt19/Downloads/Eval_classification/LC/OTHERS/Insurance_Certificate_267_page_3_S_1.png,0
/home/ntlpt19/Downloads/Eval_classification/LC/OTHERS/Insurance_Certificate_267_page_3_S_2.png,0
/home/ntlpt19/Downloads/Eval_classification/LC/OTHERS/Insurance_Certificate_267_page_3_S_3.png,0
/home/ntlpt19/Downloads/Eval_classification/LC/OTHERS/Insurance_Certificate_267_page_3_S_4.png,0
/home/ntlpt19/Downloads/Eval_classification/LC/OTHERS/Insurance_Certificate_267_page_3_S_5.png,0
/home/ntlpt19/Downloads/Eval_classification/LC/OTHERS/Insurance_Certificate_267_page_3_S_6.png,0
/home/ntlpt19/Downloads/Eval_classification/LC/OTHERS/Insurance_Certificate_267_page_3_S_7.png,0
/home/ntlpt19/Downloads/Eval_classification/LC/PI/Proforma_Invoice_31_0.png,2
/home/ntlpt19/Downloads/Eval_classification/LC/PO/Purchase_Order_By_Opener_262_0.png,1
/home/ntlpt19/Downloads/Eval_classification/LC/PO/Purchase_Order_By_Opener_271_0.png,1
/home/ntlpt19/Downloads/Eval_classification/LC/PO/Purchase_Order_By_Opener_269_0_S_0.png,1
/home/ntlpt19/Downloads/Eval_classification/LC/PO/Purchase_Order_By_Opener_269_0_S_1.png,1
/home/ntlpt19/Downloads/Eval_classification/LC/OTHERS/Insurance_Certificate_220_page_1.png,0
/home/ntlpt19/Downloads/Eval_classification/LC/PO/Purchase_Order_By_Opener_263_1_S_0.png,1
/home/ntlpt19/Downloads/Eval_classification/LC/PO/Purchase_Order_By_Opener_263_1_S_1.png,1
/home/ntlpt19/Downloads/Eval_classification/LC/PI/Proforma_Invoice(2013_01_10_13_51_15_4180)_493_0_S_0.png,2
/home/ntlpt19/Downloads/Eval_classification/LC/PI/Proforma_Invoice(2013_01_10_13_51_15_4180)_493_0_S_1.png,2
/home/ntlpt19/Downloads/Eval_classification/LC/OTHERS/Insurance_Certificate_91_page_3_S_0.png,0
/home/ntlpt19/Downloads/Eval_classification/LC/OTHERS/Insurance_Certificate_91_page_3_S_1.png,0
/home/ntlpt19/Downloads/Eval_classification/LC/OTHERS/Insurance_Certificate_91_page_3_S_2.png,0
/home/ntlpt19/Downloads/Eval_classification/LC/PO/Purchase_Order_By_Opener_264_0.png,1
/home/ntlpt19/Downloads/Eval_classification/LC/OTHERS/Insurance_Certificate_33_page_1.png,0
/home/ntlpt19/Downloads/Eval_classification/LC/PI/Proforma_Invoice(2013_01_10_13_51_47_2086)_495_0_S_0.png,2
/home/ntlpt19/Downloads/Eval_classification/LC/PI/Proforma_Invoice(2013_01_10_13_51_47_2086)_495_0_S_1.png,2
/home/ntlpt19/Downloads/Eval_classification/LC/PO/Purchase_Order_By_Opener_338_0_S_0.png,1
/home/ntlpt19/Downloads/Eval_classification/LC/PO/Purchase_Order_By_Opener_338_0_S_1.png,1
/home/ntlpt19/Downloads/Eval_classification/LC/PO/Purchase_Order_By_Opener_328_0.png,1
/home/ntlpt19/Downloads/Eval_classification/LC/PI/Proforma_Invoice_8_0_S_0.png,2
/home/ntlpt19/Downloads/Eval_classification/LC/PI/Proforma_Invoice_8_0_S_1.png,2
/home/ntlpt19/Downloads/Eval_classification/LC/OTHERS/Insurance_Certificate_255_page_1_S_0.png,0
/home/ntlpt19/Downloads/Eval_classification/LC/OTHERS/Insurance_Certificate_255_page_1_S_1.png,0
/home/ntlpt19/Downloads/Eval_classification/LC/OTHERS/Insurance_Certificate_255_page_1_S_2.png,0
/home/ntlpt19/Downloads/Eval_classification/LC/OTHERS/Insurance_Certificate_255_page_1_S_3.png,0
/home/ntlpt19/Downloads/Eval_classification/LC/OTHERS/Insurance_Certificate_255_page_1_S_4.png,0
/home/ntlpt19/Downloads/Eval_classification/LC/OTHERS/Insurance_Certificate_255_page_1_S_5.png,0
/home/ntlpt19/Downloads/Eval_classification/LC/OTHERS/Insurance_Certificate_255_page_1_S_6.png,0
/home/ntlpt19/Downloads/Eval_classification/LC/OTHERS/Insurance_Certificate_255_page_1_S_7.png,0
/home/ntlpt19/Downloads/Eval_classification/LC/OTHERS/Insurance_Certificate_255_page_1_S_8.png,0
/home/ntlpt19/Downloads/Eval_classification/LC/OTHERS/Insurance_Certificate_255_page_1_S_9.png,0
/home/ntlpt19/Downloads/Eval_classification/LC/OTHERS/Insurance_Certificate_255_page_1_S_10.png,0
/home/ntlpt19/Downloads/Eval_classification/LC/PO/Purchase_Order_By_Opener_297_0_S_0.png,1
/home/ntlpt19/Downloads/Eval_classification/LC/PO/Purchase_Order_By_Opener_297_0_S_1.png,1
/home/ntlpt19/Downloads/Eval_classification/LC/PO/Purchase_Order_By_Opener_329_3.png,1
/home/ntlpt19/Downloads/Eval_classification/LC/OTHERS/Insurance_Certificate_267_page_1_S_0.png,0
/home/ntlpt19/Downloads/Eval_classification/LC/OTHERS/Insurance_Certificate_267_page_1_S_1.png,0
/home/ntlpt19/Downloads/Eval_classification/LC/OTHERS/Insurance_Certificate_267_page_1_S_2.png,0
/home/ntlpt19/Downloads/Eval_classification/LC/OTHERS/Insurance_Certificate_267_page_1_S_3.png,0
/home/ntlpt19/Downloads/Eval_classification/LC/OTHERS/Insurance_Certificate_267_page_1_S_4.png,0
/home/ntlpt19/Downloads/Eval_classification/LC/OTHERS/Insurance_Certificate_267_page_1_S_5.png,0
/home/ntlpt19/Downloads/Eval_classification/LC/OTHERS/Insurance_Certificate_267_page_1_S_6.png,0
/home/ntlpt19/Downloads/Eval_classification/LC/OTHERS/Insurance_Certificate_267_page_1_S_7.png,0
/home/ntlpt19/Downloads/Eval_classification/LC/OTHERS/Insurance_Certificate_30_page_1.png,0
/home/ntlpt19/Downloads/Eval_classification/LC/OTHERS/Insurance_Certificate_52_page_9.png,0
/home/ntlpt19/Downloads/Eval_classification/LC/OTHERS/Insurance_Certificate_276_page_3.png,0
/home/ntlpt19/Downloads/Eval_classification/LC/OTHERS/Insurance_Certificate_160_page_4_S_0.png,0
/home/ntlpt19/Downloads/Eval_classification/LC/OTHERS/Insurance_Certificate_160_page_4_S_1.png,0
/home/ntlpt19/Downloads/Eval_classification/LC/PO/Purchase_Order_By_Opener_345_8_S_0.png,1
/home/ntlpt19/Downloads/Eval_classification/LC/PO/Purchase_Order_By_Opener_345_8_S_1.png,1
/home/ntlpt19/Downloads/Eval_classification/LC/PO/Purchase_Order_By_Opener_339_0_S_0.png,1
/home/ntlpt19/Downloads/Eval_classification/LC/PO/Purchase_Order_By_Opener_339_0_S_1.png,1
/home/ntlpt19/Downloads/Eval_classification/LC/PO/Purchase_Order_By_Opener_234_1.png,1
/home/ntlpt19/Downloads/Eval_classification/LC/PO/Purchase_Order_By_Opener_240_5_S_0.png,1
/home/ntlpt19/Downloads/Eval_classification/LC/PO/Purchase_Order_By_Opener_240_5_S_1.png,1
/home/ntlpt19/Downloads/Eval_classification/LC/PO/Purchase_Order_By_Opener_229_1_S_0.png,1
/home/ntlpt19/Downloads/Eval_classification/LC/PO/Purchase_Order_By_Opener_229_1_S_1.png,1
/home/ntlpt19/Downloads/Eval_classification/LC/PO/Purchase_Order_By_Opener_261_0.png,1
/home/ntlpt19/Downloads/Eval_classification/LC/PO/Purchase_Order_By_Opener_227_0_S_0.png,1
/home/ntlpt19/Downloads/Eval_classification/LC/PO/Purchase_Order_By_Opener_227_0_S_1.png,1
/home/ntlpt19/Downloads/Eval_classification/LC/PO/Purchase_Order_By_Opener_346_0_S_0.png,1
/home/ntlpt19/Downloads/Eval_classification/LC/PO/Purchase_Order_By_Opener_346_0_S_1.png,1
/home/ntlpt19/Downloads/Eval_classification/LC/OTHERS/Insurance_Certificate_66_page_1.png,0
/home/ntlpt19/Downloads/Eval_classification/LC/PI/Proforma_Invoice(2013_01_10_13_55_14_3594)_523_0_S_0.png,2
/home/ntlpt19/Downloads/Eval_classification/LC/PI/Proforma_Invoice(2013_01_10_13_55_14_3594)_523_0_S_1.png,2
/home/ntlpt19/Downloads/Eval_classification/LC/PO/Purchase_Order_By_Opener_269_4.png,1
/home/ntlpt19/Downloads/Eval_classification/LC/PO/Purchase_Order_By_Opener_251_1_S_0.png,1
/home/ntlpt19/Downloads/Eval_classification/LC/PO/Purchase_Order_By_Opener_251_1_S_1.png,1
/home/ntlpt19/Downloads/Eval_classification/LC/OTHERS/Insurance_Certificate_159_page_0_S_0.png,0
/home/ntlpt19/Downloads/Eval_classification/LC/OTHERS/Insurance_Certificate_159_page_0_S_1.png,0
/home/ntlpt19/Downloads/Eval_classification/LC/OTHERS/Insurance_Certificate_159_page_0_S_2.png,0
/home/ntlpt19/Downloads/Eval_classification/LC/OTHERS/Insurance_Certificate_159_page_0_S_3.png,0
/home/ntlpt19/Downloads/Eval_classification/LC/OTHERS/Insurance_Certificate_160_page_5_S_0.png,0
/home/ntlpt19/Downloads/Eval_classification/LC/OTHERS/Insurance_Certificate_160_page_5_S_1.png,0
/home/ntlpt19/Downloads/Eval_classification/LC/OTHERS/Insurance_Certificate_182_page_1.png,0
/home/ntlpt19/Downloads/Eval_classification/LC/OTHERS/Insurance_Certificate_149_page_9.png,0
/home/ntlpt19/Downloads/Eval_classification/LC/PO/Purchase_Order_By_Opener_201_0_S_0.png,1
/home/ntlpt19/Downloads/Eval_classification/LC/PO/Purchase_Order_By_Opener_201_0_S_1.png,1
/home/ntlpt19/Downloads/Eval_classification/LC/OTHERS/Insurance_Certificate_167_page_1.png,0
/home/ntlpt19/Downloads/Eval_classification/LC/PO/Purchase_Order_By_Opener_245_1_S_0.png,1
/home/ntlpt19/Downloads/Eval_classification/LC/PO/Purchase_Order_By_Opener_245_1_S_1.png,1
/home/ntlpt19/Downloads/Eval_classification/LC/PI/Proforma_Invoice_22_1_S_0.png,2
/home/ntlpt19/Downloads/Eval_classification/LC/PI/Proforma_Invoice_22_1_S_1.png,2
/home/ntlpt19/Downloads/Eval_classification/LC/PO/Purchase_Order_By_Opener_300_0_S_0.png,1
/home/ntlpt19/Downloads/Eval_classification/LC/PO/Purchase_Order_By_Opener_300_0_S_1.png,1
/home/ntlpt19/Downloads/Eval_classification/LC/PI/Proforma_Invoice(2013_01_10_13_54_30_1695)_505_0_S_0.png,2
/home/ntlpt19/Downloads/Eval_classification/LC/PI/Proforma_Invoice(2013_01_10_13_54_30_1695)_505_0_S_1.png,2
/home/ntlpt19/Downloads/Eval_classification/LC/PI/Proforma_Invoice_19_0_S_0.png,2
/home/ntlpt19/Downloads/Eval_classification/LC/PI/Proforma_Invoice_19_0_S_1.png,2
/home/ntlpt19/Downloads/Eval_classification/LC/OTHERS/Insurance_Certificate_246_page_11_S_0.png,0
/home/ntlpt19/Downloads/Eval_classification/LC/OTHERS/Insurance_Certificate_246_page_11_S_1.png,0
/home/ntlpt19/Downloads/Eval_classification/LC/OTHERS/Insurance_Certificate_246_page_11_S_2.png,0
/home/ntlpt19/Downloads/Eval_classification/LC/OTHERS/Insurance_Certificate_246_page_11_S_3.png,0
/home/ntlpt19/Downloads/Eval_classification/LC/PO/Purchase_Order_By_Opener_296_1.png,1
/home/ntlpt19/Downloads/Eval_classification/LC/OTHERS/Insurance_Certificate_50_page_1.png,0
/home/ntlpt19/Downloads/Eval_classification/LC/PI/Proforma_Invoice_22_0_S_0.png,2
/home/ntlpt19/Downloads/Eval_classification/LC/PI/Proforma_Invoice_22_0_S_1.png,2
/home/ntlpt19/Downloads/Eval_classification/LC/PO/Purchase_Order_By_Opener_270_1.png,1
/home/ntlpt19/Downloads/Eval_classification/LC/PO/Purchase_Order_By_Opener_218_0_S_0.png,1
/home/ntlpt19/Downloads/Eval_classification/LC/PO/Purchase_Order_By_Opener_218_0_S_1.png,1
/home/ntlpt19/Downloads/Eval_classification/LC/PO/Purchase_Order_By_Opener_218_0_S_2.png,1
/home/ntlpt19/Downloads/Eval_classification/LC/OTHERS/Insurance_Certificate_284_page_7.png,0
/home/ntlpt19/Downloads/Eval_classification/LC/PO/Purchase_Order_By_Opener_235_0_S_0.png,1
/home/ntlpt19/Downloads/Eval_classification/LC/PO/Purchase_Order_By_Opener_235_0_S_1.png,1
/home/ntlpt19/Downloads/Eval_classification/LC/PI/Proforma_Invoice(2013_04_17_14_00_41_9003)_303_0_S_0.png,2
/home/ntlpt19/Downloads/Eval_classification/LC/PI/Proforma_Invoice(2013_04_17_14_00_41_9003)_303_0_S_1.png,2
/home/ntlpt19/Downloads/Eval_classification/LC/PO/Purchase_Order_By_Opener_345_0_S_0.png,1
/home/ntlpt19/Downloads/Eval_classification/LC/PO/Purchase_Order_By_Opener_345_0_S_1.png,1
/home/ntlpt19/Downloads/Eval_classification/LC/PO/Purchase_Order_By_Opener_240_2_S_0.png,1
/home/ntlpt19/Downloads/Eval_classification/LC/PO/Purchase_Order_By_Opener_240_2_S_1.png,1
/home/ntlpt19/Downloads/Eval_classification/LC/OTHERS/Insurance_Certificate_284_page_5.png,0
/home/ntlpt19/Downloads/Eval_classification/LC/OTHERS/Insurance_Certificate_186_page_1_S_0.png,0
/home/ntlpt19/Downloads/Eval_classification/LC/OTHERS/Insurance_Certificate_186_page_1_S_1.png,0
/home/ntlpt19/Downloads/Eval_classification/LC/OTHERS/Insurance_Certificate_186_page_1_S_2.png,0
/home/ntlpt19/Downloads/Eval_classification/LC/PI/Proforma_Invoice(2013_01_10_13_52_13_8713)_497_0_S_0.png,2
/home/ntlpt19/Downloads/Eval_classification/LC/PI/Proforma_Invoice(2013_01_10_13_52_13_8713)_497_0_S_1.png,2
/home/ntlpt19/Downloads/Eval_classification/LC/PO/Purchase_Order_By_Opener_246_1.png,1
/home/ntlpt19/Downloads/Eval_classification/LC/PO/Purchase_Order_By_Opener_276_2_S_0.png,1
/home/ntlpt19/Downloads/Eval_classification/LC/PO/Purchase_Order_By_Opener_276_2_S_1.png,1
/home/ntlpt19/Downloads/Eval_classification/LC/PO/Purchase_Order_By_Opener_260_0_S_0.png,1
/home/ntlpt19/Downloads/Eval_classification/LC/PO/Purchase_Order_By_Opener_260_0_S_1.png,1
/home/ntlpt19/Downloads/Eval_classification/LC/PO/Purchase_Order_By_Opener_325_1.png,1
/home/ntlpt19/Downloads/Eval_classification/LC/OTHERS/Insurance_Certificate_77_page_3.png,0
/home/ntlpt19/Downloads/Eval_classification/LC/PI/Proforma_Invoice(2013_01_10_14_27_36_1131)_541_0.png,2
/home/ntlpt19/Downloads/Eval_classification/LC/PI/Proforma_Invoice(2013_01_10_13_54_51_9272)_507_0_S_0.png,2
/home/ntlpt19/Downloads/Eval_classification/LC/PI/Proforma_Invoice(2013_01_10_13_54_51_9272)_507_0_S_1.png,2
/home/ntlpt19/Downloads/Eval_classification/LC/PO/Purchase_Order_By_Opener_269_7.png,1
/home/ntlpt19/Downloads/Eval_classification/LC/OTHERS/Insurance_Certificate_52_page_5_S_0.png,0
/home/ntlpt19/Downloads/Eval_classification/LC/OTHERS/Insurance_Certificate_52_page_5_S_1.png,0
/home/ntlpt19/Downloads/Eval_classification/LC/OTHERS/Insurance_Certificate_52_page_5_S_2.png,0
/home/ntlpt19/Downloads/Eval_classification/LC/PO/Purchase_Order_By_Opener_346_1.png,1
/home/ntlpt19/Downloads/Eval_classification/LC/PO/Purchase_Order_By_Opener_190_1_S_0.png,1
/home/ntlpt19/Downloads/Eval_classification/LC/PO/Purchase_Order_By_Opener_190_1_S_1.png,1
/home/ntlpt19/Downloads/Eval_classification/LC/PO/Purchase_Order_By_Opener_292_0.png,1
/home/ntlpt19/Downloads/Eval_classification/LC/PI/Proforma_Invoice(2013_01_10_13_52_23_1384)_513_0_S_0.png,2
/home/ntlpt19/Downloads/Eval_classification/LC/PI/Proforma_Invoice(2013_01_10_13_52_23_1384)_513_0_S_1.png,2
/home/ntlpt19/Downloads/Eval_classification/LC/PO/Purchase_Order_By_Opener_329_5.png,1
/home/ntlpt19/Downloads/Eval_classification/LC/PO/Purchase_Order_By_Opener_325_0_S_0.png,1
/home/ntlpt19/Downloads/Eval_classification/LC/PO/Purchase_Order_By_Opener_325_0_S_1.png,1
/home/ntlpt19/Downloads/Eval_classification/LC/PI/Proforma_Invoice(2013_01_10_13_55_22_4671)_548_0_S_0.png,2
/home/ntlpt19/Downloads/Eval_classification/LC/PI/Proforma_Invoice(2013_01_10_13_55_22_4671)_548_0_S_1.png,2
/home/ntlpt19/Downloads/Eval_classification/LC/OTHERS/Insurance_Certificate_288_page_1.png,0
/home/ntlpt19/Downloads/Eval_classification/LC/OTHERS/Insurance_Certificate_174_page_2.png,0
/home/ntlpt19/Downloads/Eval_classification/LC/OTHERS/Insurance_Certificate_52_page_11.png,0
/home/ntlpt19/Downloads/Eval_classification/LC/OTHERS/Insurance_Certificate_162_page_6.png,0
/home/ntlpt19/Downloads/Eval_classification/LC/PO/Purchase_Order_By_Opener_348_0_S_0.png,1
/home/ntlpt19/Downloads/Eval_classification/LC/PO/Purchase_Order_By_Opener_348_0_S_1.png,1
/home/ntlpt19/Downloads/Eval_classification/LC/OTHERS/Insurance_Certificate_70_page_1.png,0
/home/ntlpt19/Downloads/Eval_classification/LC/OTHERS/Insurance_Certificate_163_page_9.png,0
/home/ntlpt19/Downloads/Eval_classification/LC/PO/Purchase_Order_By_Opener_205_0_S_0.png,1
/home/ntlpt19/Downloads/Eval_classification/LC/PO/Purchase_Order_By_Opener_205_0_S_1.png,1
/home/ntlpt19/Downloads/Eval_classification/LC/PO/Purchase_Order_By_Opener_269_9.png,1
/home/ntlpt19/Downloads/Eval_classification/LC/OTHERS/Insurance_Certificate_273_page_5_S_0.png,0
/home/ntlpt19/Downloads/Eval_classification/LC/OTHERS/Insurance_Certificate_273_page_5_S_1.png,0
/home/ntlpt19/Downloads/Eval_classification/LC/OTHERS/Insurance_Certificate_273_page_5_S_2.png,0
/home/ntlpt19/Downloads/Eval_classification/LC/OTHERS/Insurance_Certificate_273_page_5_S_3.png,0
/home/ntlpt19/Downloads/Eval_classification/LC/OTHERS/Insurance_Certificate_273_page_5_S_4.png,0
/home/ntlpt19/Downloads/Eval_classification/LC/OTHERS/Insurance_Certificate_273_page_5_S_5.png,0
/home/ntlpt19/Downloads/Eval_classification/LC/OTHERS/Insurance_Certificate_273_page_5_S_6.png,0
/home/ntlpt19/Downloads/Eval_classification/LC/OTHERS/Insurance_Certificate_273_page_5_S_7.png,0
/home/ntlpt19/Downloads/Eval_classification/LC/OTHERS/Insurance_Certificate_273_page_5_S_8.png,0
/home/ntlpt19/Downloads/Eval_classification/LC/OTHERS/Insurance_Certificate_273_page_5_S_9.png,0
/home/ntlpt19/Downloads/Eval_classification/LC/OTHERS/Insurance_Certificate_273_page_5_S_10.png,0
/home/ntlpt19/Downloads/Eval_classification/LC/OTHERS/Insurance_Certificate_273_page_5_S_11.png,0
/home/ntlpt19/Downloads/Eval_classification/LC/OTHERS/Insurance_Certificate_273_page_5_S_12.png,0
/home/ntlpt19/Downloads/Eval_classification/LC/PO/Purchase_Order_By_Opener_217_1_S_0.png,1
/home/ntlpt19/Downloads/Eval_classification/LC/PO/Purchase_Order_By_Opener_217_1_S_1.png,1
/home/ntlpt19/Downloads/Eval_classification/LC/OTHERS/Insurance_Certificate_58_page_3.png,0
/home/ntlpt19/Downloads/Eval_classification/LC/OTHERS/Insurance_Certificate_59_page_1_S_0.png,0
/home/ntlpt19/Downloads/Eval_classification/LC/OTHERS/Insurance_Certificate_59_page_1_S_1.png,0
/home/ntlpt19/Downloads/Eval_classification/LC/OTHERS/Insurance_Certificate_59_page_1_S_2.png,0
/home/ntlpt19/Downloads/Eval_classification/LC/OTHERS/Insurance_Certificate_45_page_2.png,0
/home/ntlpt19/Downloads/Eval_classification/LC/PO/Purchase_Order_By_Opener_315_0_S_0.png,1
/home/ntlpt19/Downloads/Eval_classification/LC/PO/Purchase_Order_By_Opener_315_0_S_1.png,1
/home/ntlpt19/Downloads/Eval_classification/LC/PO/Purchase_Order_By_Opener_315_0_S_2.png,1
/home/ntlpt19/Downloads/Eval_classification/LC/PO/Purchase_Order_By_Opener_227_1.png,1
/home/ntlpt19/Downloads/Eval_classification/LC/PO/Purchase_Order_By_Opener_233_0_S_0.png,1
/home/ntlpt19/Downloads/Eval_classification/LC/PO/Purchase_Order_By_Opener_233_0_S_1.png,1
/home/ntlpt19/Downloads/Eval_classification/LC/PI/Proforma_Invoice(2013_01_10_13_51_40_2579)_491_0_S_0.png,2
/home/ntlpt19/Downloads/Eval_classification/LC/PI/Proforma_Invoice(2013_01_10_13_51_40_2579)_491_0_S_1.png,2
/home/ntlpt19/Downloads/Eval_classification/LC/PO/Purchase_Order_By_Opener_334_0_S_0.png,1
/home/ntlpt19/Downloads/Eval_classification/LC/PO/Purchase_Order_By_Opener_334_0_S_1.png,1
/home/ntlpt19/Downloads/Eval_classification/LC/PO/Purchase_Order_By_Opener_282_2_S_0.png,1
/home/ntlpt19/Downloads/Eval_classification/LC/PO/Purchase_Order_By_Opener_282_2_S_1.png,1
/home/ntlpt19/Downloads/Eval_classification/LC/PO/Purchase_Order_By_Opener_293_0.png,1
/home/ntlpt19/Downloads/Eval_classification/LC/PO/Purchase_Order_By_Opener_246_2.png,1
/home/ntlpt19/Downloads/Eval_classification/LC/PO/Purchase_Order_By_Opener_256_0.png,1
/home/ntlpt19/Downloads/Eval_classification/LC/OTHERS/Insurance_Certificate_117_page_1.png,0
/home/ntlpt19/Downloads/Eval_classification/LC/PO/Purchase_Order_By_Opener_194_0_S_0.png,1
/home/ntlpt19/Downloads/Eval_classification/LC/PO/Purchase_Order_By_Opener_194_0_S_1.png,1
/home/ntlpt19/Downloads/Eval_classification/LC/PO/Purchase_Order_By_Opener_251_2_S_0.png,1
/home/ntlpt19/Downloads/Eval_classification/LC/PO/Purchase_Order_By_Opener_251_2_S_1.png,1
/home/ntlpt19/Downloads/Eval_classification/LC/PO/Purchase_Order_By_Opener_280_0_S_0.png,1
/home/ntlpt19/Downloads/Eval_classification/LC/PO/Purchase_Order_By_Opener_280_0_S_1.png,1
/home/ntlpt19/Downloads/Eval_classification/LC/PO/Purchase_Order_By_Opener_280_0_S_2.png,1
/home/ntlpt19/Downloads/Eval_classification/LC/PO/Purchase_Order_By_Opener_280_0_S_3.png,1
/home/ntlpt19/Downloads/Eval_classification/LC/PO/Purchase_Order_By_Opener_280_0_S_4.png,1
/home/ntlpt19/Downloads/Eval_classification/LC/PO/Purchase_Order_By_Opener_223_1_S_0.png,1
/home/ntlpt19/Downloads/Eval_classification/LC/PO/Purchase_Order_By_Opener_223_1_S_1.png,1
/home/ntlpt19/Downloads/Eval_classification/LC/PO/Purchase_Order_By_Opener_305_1.png,1
/home/ntlpt19/Downloads/Eval_classification/LC/OTHERS/Insurance_Certificate_89_page_8.png,0
/home/ntlpt19/Downloads/Eval_classification/LC/OTHERS/Insurance_Certificate_32_page_0_S_0.png,0
/home/ntlpt19/Downloads/Eval_classification/LC/OTHERS/Insurance_Certificate_32_page_0_S_1.png,0
/home/ntlpt19/Downloads/Eval_classification/LC/OTHERS/Insurance_Certificate_217_page_0_S_0.png,0
/home/ntlpt19/Downloads/Eval_classification/LC/OTHERS/Insurance_Certificate_217_page_0_S_1.png,0
/home/ntlpt19/Downloads/Eval_classification/LC/OTHERS/Insurance_Certificate(2012_08_28_15_02_06_9952)_93_page_0_S_0.png,0
/home/ntlpt19/Downloads/Eval_classification/LC/OTHERS/Insurance_Certificate(2012_08_28_15_02_06_9952)_93_page_0_S_1.png,0
/home/ntlpt19/Downloads/Eval_classification/LC/PO/Purchase_Order_By_Opener_341_0_S_0.png,1
/home/ntlpt19/Downloads/Eval_classification/LC/PO/Purchase_Order_By_Opener_341_0_S_1.png,1
/home/ntlpt19/Downloads/Eval_classification/LC/OTHERS/Insurance_Certificate_77_page_1.png,0
/home/ntlpt19/Downloads/Eval_classification/LC/PO/Purchase_Order_By_Opener_296_0.png,1
/home/ntlpt19/Downloads/Eval_classification/LC/PO/Purchase_Order_By_Opener_265_0.png,1
/home/ntlpt19/Downloads/Eval_classification/LC/PO/Purchase_Order_By_Opener_206_0.png,1
/home/ntlpt19/Downloads/Eval_classification/LC/PO/Purchase_Order_By_Opener_236_1.png,1
/home/ntlpt19/Downloads/Eval_classification/LC/PI/Proforma_Invoice_13_0.png,2
/home/ntlpt19/Downloads/Eval_classification/LC/PO/Purchase_Order_By_Opener_242_0_S_0.png,1
/home/ntlpt19/Downloads/Eval_classification/LC/PO/Purchase_Order_By_Opener_242_0_S_1.png,1
/home/ntlpt19/Downloads/Eval_classification/LC/PO/Purchase_Order_By_Opener_269_2.png,1
/home/ntlpt19/Downloads/Eval_classification/LC/PI/Proforma_Invoice(2013_01_10_13_51_25_9844)_494_0_S_0.png,2
/home/ntlpt19/Downloads/Eval_classification/LC/PI/Proforma_Invoice(2013_01_10_13_51_25_9844)_494_0_S_1.png,2
/home/ntlpt19/Downloads/Eval_classification/LC/PO/Purchase_Order_By_Opener_269_5.png,1
/home/ntlpt19/Downloads/Eval_classification/LC/OTHERS/Insurance_Certificate_37_page_3.png,0
/home/ntlpt19/Downloads/Eval_classification/LC/OTHERS/Insurance_Certificate_140_page_3.png,0
/home/ntlpt19/Downloads/Eval_classification/LC/PO/Purchase_Order_By_Opener_329_0.png,1
/home/ntlpt19/Downloads/Eval_classification/LC/PO/Purchase_Order_By_Opener_333_0_S_0.png,1
/home/ntlpt19/Downloads/Eval_classification/LC/PO/Purchase_Order_By_Opener_333_0_S_1.png,1
/home/ntlpt19/Downloads/Eval_classification/LC/OTHERS/Insurance_Certificate_98_page_1.png,0
/home/ntlpt19/Downloads/Eval_classification/LC/PO/Purchase_Order_By_Opener_307_0.png,1
/home/ntlpt19/Downloads/Eval_classification/LC/OTHERS/Insurance_Certificate_91_page_1.png,0
/home/ntlpt19/Downloads/Eval_classification/LC/PI/Proforma_Invoice(2013_01_10_13_51_32_1661)_490_0.png,2
/home/ntlpt19/Downloads/Eval_classification/LC/PO/Purchase_Order_By_Opener_246_3.png,1
/home/ntlpt19/Downloads/Eval_classification/LC/OTHERS/Insurance_Certificate_141_page_1.png,0
/home/ntlpt19/Downloads/Eval_classification/LC/OTHERS/Insurance_Certificate_116_page_0_S_0.png,0
/home/ntlpt19/Downloads/Eval_classification/LC/OTHERS/Insurance_Certificate_116_page_0_S_1.png,0
/home/ntlpt19/Downloads/Eval_classification/LC/OTHERS/Insurance_Certificate_116_page_0_S_2.png,0
/home/ntlpt19/Downloads/Eval_classification/LC/OTHERS/Insurance_Certificate_116_page_0_S_3.png,0
/home/ntlpt19/Downloads/Eval_classification/LC/OTHERS/Insurance_Certificate_116_page_0_S_4.png,0
/home/ntlpt19/Downloads/Eval_classification/LC/OTHERS/Insurance_Certificate_116_page_0_S_5.png,0
/home/ntlpt19/Downloads/Eval_classification/LC/OTHERS/Insurance_Certificate_116_page_0_S_6.png,0
/home/ntlpt19/Downloads/Eval_classification/LC/OTHERS/Insurance_Certificate_116_page_0_S_7.png,0
/home/ntlpt19/Downloads/Eval_classification/LC/OTHERS/Insurance_Certificate_116_page_0_S_8.png,0
/home/ntlpt19/Downloads/Eval_classification/LC/OTHERS/Insurance_Certificate_116_page_0_S_9.png,0
/home/ntlpt19/Downloads/Eval_classification/LC/OTHERS/Insurance_Certificate_116_page_0_S_10.png,0
/home/ntlpt19/Downloads/Eval_classification/LC/PI/Proforma_Invoice(2013_01_10_13_52_06_4463)_496_0_S_0.png,2
/home/ntlpt19/Downloads/Eval_classification/LC/PI/Proforma_Invoice(2013_01_10_13_52_06_4463)_496_0_S_1.png,2
/home/ntlpt19/Downloads/Eval_classification/LC/OTHERS/Insurance_Certificate_276_page_4.png,0
/home/ntlpt19/Downloads/Eval_classification/LC/OTHERS/Insurance_Certificate_96_page_1.png,0
/home/ntlpt19/Downloads/Eval_classification/LC/PO/Purchase_Order_By_Opener_240_3_S_0.png,1
/home/ntlpt19/Downloads/Eval_classification/LC/PO/Purchase_Order_By_Opener_240_3_S_1.png,1
/home/ntlpt19/Downloads/Eval_classification/LC/PO/Purchase_Order_By_Opener_240_3_S_2.png,1
/home/ntlpt19/Downloads/Eval_classification/LC/OTHERS/Insurance_Certificate_142_page_3.png,0
/home/ntlpt19/Downloads/Eval_classification/LC/OTHERS/Insurance_Certificate_106_page_3.png,0
/home/ntlpt19/Downloads/Eval_classification/LC/PI/Proforma_Invoice_19_3.png,2
/home/ntlpt19/Downloads/Eval_classification/LC/PO/Purchase_Order_By_Opener_203_0_S_0.png,1
/home/ntlpt19/Downloads/Eval_classification/LC/PO/Purchase_Order_By_Opener_203_0_S_1.png,1
/home/ntlpt19/Downloads/Eval_classification/LC/PO/Purchase_Order_By_Opener_203_0_S_2.png,1
/home/ntlpt19/Downloads/Eval_classification/LC/PO/Purchase_Order_By_Opener_345_12_S_0.png,1
/home/ntlpt19/Downloads/Eval_classification/LC/PO/Purchase_Order_By_Opener_345_12_S_1.png,1
/home/ntlpt19/Downloads/Eval_classification/LC/OTHERS/Insurance_Certificate_221_page_2.png,0
/home/ntlpt19/Downloads/Eval_classification/LC/PO/Purchase_Order_By_Opener_236_0_S_0.png,1
/home/ntlpt19/Downloads/Eval_classification/LC/PO/Purchase_Order_By_Opener_236_0_S_1.png,1
/home/ntlpt19/Downloads/Eval_classification/LC/OTHERS/Insurance_Certificate_166_page_0.png,0
/home/ntlpt19/Downloads/Eval_classification/LC/OTHERS/Insurance_Certificate_52_page_7_S_0.png,0
/home/ntlpt19/Downloads/Eval_classification/LC/OTHERS/Insurance_Certificate_52_page_7_S_1.png,0
/home/ntlpt19/Downloads/Eval_classification/LC/OTHERS/Insurance_Certificate_52_page_7_S_2.png,0
/home/ntlpt19/Downloads/Eval_classification/LC/PI/Proforma_Invoice(2013_04_16_16_37_06_4995)_283_0_S_0.png,2
/home/ntlpt19/Downloads/Eval_classification/LC/PI/Proforma_Invoice(2013_04_16_16_37_06_4995)_283_0_S_1.png,2
/home/ntlpt19/Downloads/Eval_classification/LC/PI/Proforma_Invoice(2013_04_16_16_37_06_4995)_283_0_S_2.png,2
/home/ntlpt19/Downloads/Eval_classification/LC/OTHERS/Insurance_Certificate_276_page_7.png,0
/home/ntlpt19/Downloads/Eval_classification/LC/OTHERS/Insurance_Certificate_129_page_1.png,0
/home/ntlpt19/Downloads/Eval_classification/LC/PO/Purchase_Order_By_Opener_252_0_S_0.png,1
/home/ntlpt19/Downloads/Eval_classification/LC/PO/Purchase_Order_By_Opener_252_0_S_1.png,1
/home/ntlpt19/Downloads/Eval_classification/LC/OTHERS/Insurance_Certificate_59_page_3.png,0
/home/ntlpt19/Downloads/Eval_classification/LC/PO/Purchase_Order_By_Opener_329_4.png,1
/home/ntlpt19/Downloads/Eval_classification/LC/OTHERS/Insurance_Certificate_284_page_2_S_0.png,0
/home/ntlpt19/Downloads/Eval_classification/LC/OTHERS/Insurance_Certificate_284_page_2_S_1.png,0
/home/ntlpt19/Downloads/Eval_classification/LC/OTHERS/Insurance_Certificate_284_page_2_S_2.png,0
/home/ntlpt19/Downloads/Eval_classification/LC/PO/Purchase_Order_By_Opener_240_1_S_0.png,1
/home/ntlpt19/Downloads/Eval_classification/LC/PO/Purchase_Order_By_Opener_240_1_S_1.png,1
/home/ntlpt19/Downloads/Eval_classification/LC/OTHERS/Insurance_Certificate_35_page_1.png,0
/home/ntlpt19/Downloads/Eval_classification/LC/PO/Purchase_Order_By_Opener_219_1_S_0.png,1
/home/ntlpt19/Downloads/Eval_classification/LC/PO/Purchase_Order_By_Opener_219_1_S_1.png,1
/home/ntlpt19/Downloads/Eval_classification/LC/PI/Proforma_Invoice_20_0_S_0.png,2
/home/ntlpt19/Downloads/Eval_classification/LC/PI/Proforma_Invoice_20_0_S_1.png,2
/home/ntlpt19/Downloads/Eval_classification/LC/PO/Purchase_Order_By_Opener_288_0_S_0.png,1
/home/ntlpt19/Downloads/Eval_classification/LC/PO/Purchase_Order_By_Opener_288_0_S_1.png,1
/home/ntlpt19/Downloads/Eval_classification/LC/PO/Purchase_Order_By_Opener_257_0.png,1
/home/ntlpt19/Downloads/Eval_classification/LC/PI/Proforma_Invoice(2013_01_10_13_52_39_0207)_499_0_S_0.png,2
/home/ntlpt19/Downloads/Eval_classification/LC/PI/Proforma_Invoice(2013_01_10_13_52_39_0207)_499_0_S_1.png,2
